City_ID,City,Country,Date,Lat,Lng,Max Temp,Humidity,Cloudiness,Wind Speed
0,Zhicheng,CN,2022-02-02 02:46:33,30.2956,111.5047,41.59,58,100,6.02
1,Bandarbeyla,SO,2022-02-02 02:45:17,9.4942,50.8122,74.75,77,13,15.35
2,Lagoa,PT,2022-02-02 02:42:48,39.05,-27.9833,58.93,72,11,14.27
3,Ilulissat,GL,2022-02-02 02:46:34,69.2167,-51.1,3.22,51,100,6.91
4,Adrar,MR,2022-02-02 02:46:34,20.5022,-10.0711,67.19,20,62,11.21
5,Kapaa,US,2022-02-02 02:46:35,22.0752,-159.319,79.12,67,0,1.01
6,Atuona,PF,2022-02-02 02:42:30,-9.8,-139.0333,78.8,74,7,17.69
7,Naldurg,IN,2022-02-02 02:46:35,17.8167,76.3,71.96,26,1,6.49
8,Punta Arenas,CL,2022-02-02 02:46:36,-53.15,-70.9167,46.51,61,40,24.16
9,Gamba,GA,2022-02-02 02:46:36,-2.65,10.0,77.54,88,100,4.59
10,Severodvinsk,RU,2022-02-02 02:44:42,64.5635,39.8302,8.71,97,96,5.46
11,Xining,CN,2022-02-02 02:45:33,36.6167,101.7667,15.57,60,34,2.71
12,Castro,BR,2022-02-02 02:46:37,-24.7911,-50.0119,62.37,96,74,5.21
13,Bubaque,GW,2022-02-02 02:46:38,11.2833,-15.8333,77.81,77,2,4.18
14,Lorengau,PG,2022-02-02 02:46:38,-2.0226,147.2712,77.56,86,100,6.71
15,Srivardhan,IN,2022-02-02 02:45:57,18.0333,73.0167,71.89,54,1,3.06
16,Upernavik,GL,2022-02-02 02:45:20,72.7868,-56.1549,-13.68,74,100,5.57
17,Busselton,AU,2022-02-02 02:46:39,-33.65,115.3333,78.04,36,48,12.91
18,Ancud,CL,2022-02-02 02:46:39,-41.8697,-73.8203,59.23,93,100,3.67
19,Mahebourg,MU,2022-02-02 02:46:40,-20.4081,57.7,81.25,94,75,26.46
20,Fortuna,US,2022-02-02 02:46:40,40.5982,-124.1573,47.93,80,100,1.01
21,Chardara,KZ,2022-02-02 02:46:41,41.2547,67.9692,41.88,43,100,5.08
22,Wajima,JP,2022-02-02 02:46:41,37.4,136.9,36.28,93,40,6.91
23,Port Alfred,ZA,2022-02-02 02:41:45,-33.5906,26.891,77.49,74,100,7.18
24,Thompson,CA,2022-02-02 02:42:34,55.7435,-97.8558,-23.64,69,0,6.91
25,Mataura,NZ,2022-02-02 02:46:42,-46.1927,168.8643,71.47,45,98,8.75
26,Severo-Kurilsk,RU,2022-02-02 02:46:43,50.6789,156.125,31.17,74,100,10.96
27,Mar Del Plata,AR,2022-02-02 02:46:26,-38.0023,-57.5575,70.09,86,0,5.99
28,Dikson,RU,2022-02-02 02:46:43,73.5069,80.5464,1.71,93,100,16.26
29,Igarka,RU,2022-02-02 02:46:44,67.4667,86.5833,4.78,96,99,9.28
30,Bluff,NZ,2022-02-02 02:46:44,-46.6,168.3333,71.8,85,89,10.56
31,Rikitea,PF,2022-02-02 02:46:45,-23.1203,-134.9692,78.4,69,90,4.99
32,Albany,US,2022-02-02 02:46:24,42.6001,-73.9662,30.78,71,100,1.99
33,Batemans Bay,AU,2022-02-02 02:46:45,-35.7167,150.1833,72.19,87,100,2.46
34,Alugan,PH,2022-02-02 02:46:46,12.2188,125.4808,80.64,81,38,10.45
35,Lavrentiya,RU,2022-02-02 02:46:46,65.5833,-171.0,-0.69,83,1,14.36
36,Arlit,NE,2022-02-02 02:46:47,18.7369,7.3853,58.8,17,64,6.96
37,Vaini,TO,2022-02-02 02:46:47,-21.2,-175.2,86.16,70,40,10.36
38,Cape Town,ZA,2022-02-02 02:46:47,-33.9258,18.4232,68.11,84,75,1.99
39,Lahan,NP,2022-02-02 02:46:48,26.7296,86.4951,62.38,59,0,7.74
40,Hermanus,ZA,2022-02-02 02:46:49,-34.4187,19.2345,67.89,85,2,4.45
41,Ushuaia,AR,2022-02-02 02:45:33,-54.8,-68.3,42.46,65,40,37.98
42,Tasiilaq,GL,2022-02-02 02:46:49,65.6145,-37.6368,10.56,70,100,4.61
43,East London,ZA,2022-02-02 02:46:50,-33.0153,27.9116,76.73,72,99,4.52
44,Gijon,ES,2022-02-02 02:46:50,43.5357,-5.6615,45.86,91,1,3.89
45,Yamada,JP,2022-02-02 02:46:51,39.4667,141.95,37.67,41,94,8.81
46,Cherskiy,RU,2022-02-02 02:47:51,68.75,161.3,9.99,68,100,4.12
47,Hilo,US,2022-02-02 02:47:52,19.7297,-155.09,75.25,86,75,6.91
48,Bredasdorp,ZA,2022-02-02 02:47:52,-34.5322,20.0403,71.73,80,8,4.03
49,Kodiak,US,2022-02-02 02:45:11,57.79,-152.4072,38.71,87,100,6.91
50,Goderich,CA,2022-02-02 02:47:53,43.7501,-81.7165,41.32,75,100,18.41
51,Jamestown,US,2022-02-02 02:45:45,42.097,-79.2353,36.99,50,0,5.01
52,Kruisfontein,ZA,2022-02-02 02:47:54,-34.0033,24.7314,70.88,70,100,2.21
53,Airai,TL,2022-02-02 02:47:54,-8.9266,125.4092,73.67,55,69,5.93
54,Asau,RO,2022-02-02 02:46:34,46.4333,26.4,26.76,91,91,6.04
55,Puerto Ayora,EC,2022-02-02 02:47:55,-0.7393,-90.3518,75.54,95,100,3.0
56,Codrington,AU,2022-02-02 02:44:01,-38.2667,141.9667,61.11,53,100,14.18
57,Broken Hill,AU,2022-02-02 02:47:56,-31.95,141.4333,65.91,39,99,21.85
58,Carnarvon,AU,2022-02-02 02:47:56,-24.8667,113.6333,84.27,70,99,14.97
59,Georgetown,MY,2022-02-02 02:43:57,5.4112,100.3354,85.95,75,20,5.99
60,Kaeo,NZ,2022-02-02 02:47:57,-35.1,173.7833,76.32,81,100,11.34
61,Kula,TR,2022-02-02 02:47:57,38.5473,28.6498,39.67,86,100,14.0
62,Bambanglipuro,ID,2022-02-02 02:46:51,-7.95,110.2833,86.86,60,12,2.86
63,Aklavik,CA,2022-02-02 02:47:58,68.2191,-135.0107,-15.77,100,96,4.27
64,Hobart,AU,2022-02-02 02:45:29,-42.8794,147.3294,66.02,39,75,6.91
65,Tuktoyaktuk,CA,2022-02-02 02:47:59,69.4541,-133.0374,-27.4,68,20,0.0
66,Jiangyou,CN,2022-02-02 02:47:59,31.7667,104.7167,44.06,72,52,4.03
67,Yuzhno-Kurilsk,RU,2022-02-02 02:48:00,44.0306,145.8556,26.46,73,97,19.86
68,Kaduqli,SD,2022-02-02 02:48:00,11.0167,29.7167,63.66,21,8,7.25
69,Linxia,CN,2022-02-02 02:48:01,35.6003,103.2064,20.43,69,100,1.12
70,Puerto Del Rosario,ES,2022-02-02 02:48:01,28.5004,-13.8627,67.75,52,100,6.91
71,Araceli,PH,2022-02-02 02:48:01,10.5529,119.9913,79.95,83,69,24.81
72,Itarema,BR,2022-02-02 02:48:02,-2.9248,-39.9167,76.93,86,89,9.62
73,Qaanaaq,GL,2022-02-02 02:48:02,77.484,-69.3632,-19.61,65,100,11.41
74,Avarua,CK,2022-02-02 02:48:03,-21.2078,-159.775,82.45,78,75,12.66
75,Comodoro Rivadavia,AR,2022-02-02 02:43:07,-45.8667,-67.5,69.66,37,0,11.5
76,Saskylakh,RU,2022-02-02 02:48:04,71.9167,114.0833,-28.57,100,44,1.88
77,Wau,SS,2022-02-02 02:48:05,7.7029,27.9953,69.26,26,82,4.56
78,Faanui,PF,2022-02-02 02:48:05,-16.4833,-151.75,81.12,76,10,19.53
79,Bilibino,RU,2022-02-02 02:45:11,68.0546,166.4372,5.59,59,100,6.53
80,Yerbogachen,RU,2022-02-02 02:48:06,61.2767,108.0108,-18.54,98,53,1.45
81,Vasudevanallur,IN,2022-02-02 02:48:06,9.2333,77.4167,75.54,74,5,4.43
82,Buraydah,SA,2022-02-02 02:48:07,26.326,43.975,45.05,54,0,7.94
83,Scottsbluff,US,2022-02-02 02:48:07,41.8666,-103.6672,21.43,66,100,5.99
84,Ponta Do Sol,PT,2022-02-02 02:48:08,32.6667,-17.1,66.0,78,100,13.11
85,Klaksvik,FO,2022-02-02 02:48:08,62.2266,-6.589,36.52,72,100,21.07
86,Salalah,OM,2022-02-02 02:49:09,17.0151,54.0924,64.49,52,0,6.91
87,Hami,CN,2022-02-02 02:49:09,42.8,93.45,24.67,28,100,0.69
88,Konstantinovka,RU,2022-02-02 02:49:10,49.6167,127.9833,2.17,81,8,8.16
89,Nelson Bay,AU,2022-02-02 02:49:10,-32.7167,152.15,72.1,94,100,1.99
90,Tiarei,PF,2022-02-02 02:49:11,-17.5333,-149.3333,87.82,76,4,19.37
91,Leningradskiy,RU,2022-02-02 02:49:11,69.3833,178.4167,-10.68,94,35,11.01
92,Emerald,AU,2022-02-02 02:49:12,-23.5333,148.1667,98.74,34,97,11.5
93,Saint-Philippe,RE,2022-02-02 02:49:12,-21.3585,55.7679,81.95,94,100,23.85
94,Talnakh,RU,2022-02-02 02:49:13,69.4865,88.3972,2.21,95,100,7.29
95,Jiuquan,CN,2022-02-02 02:49:13,39.7432,98.5174,23.76,28,0,6.73
96,Fairbanks,US,2022-02-02 02:45:02,64.8378,-147.7164,-18.98,72,0,0.0
97,Shenjiamen,CN,2022-02-02 02:49:14,29.9576,122.298,44.31,83,100,13.35
98,San Juan Del Sur,NI,2022-02-02 02:49:14,11.2529,-85.8705,77.22,74,3,13.62
99,Clyde River,CA,2022-02-02 02:49:15,70.4692,-68.5914,-27.17,75,75,3.44
100,Khatanga,RU,2022-02-02 02:49:15,71.9667,102.5,-38.04,99,28,2.3
101,Kavieng,PG,2022-02-02 02:49:16,-2.5744,150.7967,82.31,72,100,6.91
102,Myanaung,MM,2022-02-02 02:49:16,18.2833,95.3167,71.69,28,50,1.48
103,Butaritari,KI,2022-02-02 02:49:16,3.0707,172.7902,82.36,76,19,13.42
104,Arraial Do Cabo,BR,2022-02-02 02:49:17,-22.9661,-42.0278,75.63,88,100,8.88
105,Chimoio,MZ,2022-02-02 02:49:17,-19.1164,33.4833,69.66,100,20,2.68
106,Thayetmyo,MM,2022-02-02 02:49:18,19.3167,95.1833,73.89,27,61,2.98
107,Ghoti,IN,2022-02-02 02:49:18,19.7168,73.6245,67.91,34,3,4.14
108,Kerema,PG,2022-02-02 02:49:19,-7.9631,145.7785,79.23,78,100,10.6
109,Longyearbyen,SJ,2022-02-02 02:49:19,78.2186,15.6401,22.84,63,75,0.0
110,Lufilufi,WS,2022-02-02 02:49:19,-13.8745,-171.5986,91.18,76,80,16.67
111,Hobyo,SO,2022-02-02 02:49:20,5.3505,48.5268,77.31,78,100,17.9
112,Mahon,ES,2022-02-02 02:49:21,39.8885,4.2658,52.36,87,20,13.8
113,Inhambane,MZ,2022-02-02 02:46:29,-23.865,35.3833,71.58,100,20,0.0
114,Tomatlan,MX,2022-02-02 02:49:21,19.9333,-105.25,63.64,77,0,2.46
115,Chernyshevskiy,RU,2022-02-02 02:49:22,63.0128,112.4714,-24.12,95,30,1.83
116,Coihaique,CL,2022-02-02 02:49:22,-45.5752,-72.0662,58.95,51,0,9.22
117,Tuatapere,NZ,2022-02-02 02:49:22,-46.1333,167.6833,71.82,93,91,5.35
118,Akdepe,TM,2022-02-02 02:49:23,42.0551,59.3788,26.69,76,8,6.58
119,Jalu,LY,2022-02-02 02:46:26,29.0331,21.5482,52.14,41,22,7.92
120,Quatre Cocos,MU,2022-02-02 02:49:24,-20.2078,57.7625,81.09,91,100,31.21
121,Linqiong,CN,2022-02-02 02:49:24,30.4159,103.4609,40.82,79,94,2.28
122,Nikolskoye,RU,2022-02-02 02:49:25,59.7035,30.7861,22.89,97,99,2.39
123,Baghmara,IN,2022-02-02 02:49:25,23.795,86.2085,64.99,49,0,1.45
124,Uglich,RU,2022-02-02 02:49:25,57.5275,38.3317,21.31,95,100,8.68
125,Buala,SB,2022-02-02 02:45:34,-8.145,159.5921,85.53,71,61,8.59
126,Aquiraz,BR,2022-02-02 02:49:26,-3.9014,-38.3911,82.49,83,91,9.01
127,Vieques,PR,2022-02-02 02:49:27,18.425,-65.8329,75.0,83,75,0.0
128,Ararangua,BR,2022-02-02 02:49:27,-28.9347,-49.4858,70.86,84,97,3.11
129,Ayan,RU,2022-02-02 02:50:28,56.45,138.1667,0.66,63,37,13.04
130,Mount Gambier,AU,2022-02-02 02:50:28,-37.8333,140.7667,64.31,45,100,13.8
131,Eyl,SO,2022-02-02 02:46:49,7.9803,49.8164,73.13,84,80,13.94
132,Tyazhinskiy,RU,2022-02-02 02:50:29,56.116,88.524,4.59,96,78,4.23
133,Ayia Galini,GR,2022-02-02 02:50:29,35.1,24.6833,59.76,67,67,5.99
134,Tsaratanana,MG,2022-02-02 02:50:30,-16.7833,47.65,68.68,85,86,6.35
135,Ha Giang,VN,2022-02-02 02:50:31,22.8333,104.9833,56.26,84,100,0.87
136,Namibe,AO,2022-02-02 02:50:23,-15.1961,12.1522,71.47,69,100,9.62
137,Meybod,IR,2022-02-02 02:50:31,32.2501,54.0166,35.62,80,0,1.16
138,Souillac,MU,2022-02-02 02:50:32,-20.5167,57.5167,81.36,94,75,26.46
139,Bambous Virieux,MU,2022-02-02 02:50:32,-20.3428,57.7575,81.21,94,75,26.46
140,Tiksi,RU,2022-02-02 02:50:33,71.6872,128.8694,-8.73,96,100,7.58
141,Ribeira Grande,PT,2022-02-02 02:50:33,38.5167,-28.7,59.49,73,53,12.64
142,Pithora,IN,2022-02-02 02:50:34,21.2667,82.5167,66.52,32,67,2.57
143,Dingle,PH,2022-02-02 02:50:34,10.9995,122.6711,83.62,68,100,12.73
144,San Cristobal,VE,2022-02-02 02:50:34,7.7669,-72.225,71.78,61,99,1.7
145,Ndjole,GA,2022-02-02 02:50:35,-0.1783,10.7649,74.52,95,99,1.41
146,New Norfolk,AU,2022-02-02 02:50:35,-42.7826,147.0587,65.66,37,83,1.01
147,Palmer,US,2022-02-02 02:50:36,42.1584,-72.3287,30.54,83,99,2.64
148,Chokurdakh,RU,2022-02-02 02:50:36,70.6333,147.9167,-8.91,94,100,7.0
149,Miracema Do Tocantins,BR,2022-02-02 02:50:37,-9.5618,-48.3967,73.11,92,30,1.03
150,Cayenne,GF,2022-02-02 02:50:37,4.9333,-52.3333,75.09,91,100,0.0
151,Margate,GB,2022-02-02 02:46:34,51.3813,1.3862,51.66,79,100,4.0
152,Sebezh,RU,2022-02-02 02:50:38,56.2955,28.4654,18.99,98,100,4.41
153,Hithadhoo,MV,2022-02-02 02:50:38,-0.6,73.0833,82.69,70,11,12.03
154,Shush,IR,2022-02-02 02:50:39,32.1942,48.2436,49.84,67,0,7.16
155,Nabinagar,BD,2022-02-02 02:50:39,23.8917,90.9733,64.47,58,0,3.85
156,Huarmey,PE,2022-02-02 02:50:39,-10.0681,-78.1522,71.53,79,84,8.77
157,Luderitz,NA,2022-02-02 02:50:40,-26.6481,15.1594,63.5,92,59,8.16
158,Port Elizabeth,ZA,2022-02-02 02:50:40,-33.918,25.5701,73.09,88,0,2.3
159,Boguchany,RU,2022-02-02 02:50:41,58.3814,97.4531,-4.16,99,82,2.17
160,Houma,US,2022-02-02 02:50:41,29.5958,-90.7195,63.01,96,100,12.93
161,Uige,AO,2022-02-02 02:50:09,-7.6087,15.0613,64.49,99,85,0.27
162,Patharia,IN,2022-02-02 02:50:42,23.9,79.2,65.14,53,0,4.25
163,Vrangel,RU,2022-02-02 02:50:42,42.7297,133.0839,19.98,49,0,13.53
164,Capreol,CA,2022-02-02 02:50:43,46.706,-80.9225,34.56,88,75,1.99
165,Leh,IN,2022-02-02 02:50:43,34.1667,77.5833,-1.5,74,95,2.64
166,Kaitangata,NZ,2022-02-02 02:50:44,-46.2817,169.8464,80.2,51,94,8.52
167,Trelleborg,SE,2022-02-02 02:50:44,55.3751,13.1569,41.38,86,96,23.0
168,Marawi,PH,2022-02-02 02:50:44,7.9986,124.2928,72.64,66,100,4.12
169,Saldanha,ZA,2022-02-02 02:50:45,-33.0117,17.9442,66.25,96,78,12.19
170,Yellowknife,CA,2022-02-02 02:50:05,62.456,-114.3525,-28.59,87,0,5.75
171,Grindavik,IS,2022-02-02 02:50:46,63.8424,-22.4338,32.47,100,100,18.41
172,Caravelas,BR,2022-02-02 02:50:46,-17.7125,-39.2481,76.55,94,75,7.45
173,Bethel,US,2022-02-02 02:50:46,41.3712,-73.414,34.16,74,100,0.0
174,Saint-Leu,RE,2022-02-02 02:50:47,-21.15,55.2833,81.43,92,100,28.27
175,Baykit,RU,2022-02-02 02:46:56,61.67,96.37,-9.11,100,93,0.94
176,Paita,PE,2022-02-02 02:51:48,-5.0892,-81.1144,72.0,78,6,9.93
177,Taupo,NZ,2022-02-02 02:47:54,-38.6833,176.0833,72.25,46,99,8.46
178,Constitucion,CL,2022-02-02 02:48:01,-35.3333,-72.4167,56.89,93,13,3.96
179,Barrow,US,2022-02-02 02:51:48,71.2906,-156.7887,-16.58,69,0,10.36
180,Verkhnyaya Inta,RU,2022-02-02 02:51:49,65.9811,60.3094,4.06,83,98,8.72
181,Idrinskoye,RU,2022-02-02 02:51:49,54.3708,92.1358,-3.62,98,100,1.92
182,Hamilton,US,2022-02-02 02:50:30,39.1834,-84.5333,49.41,55,0,3.44
183,Balykshi,KZ,2022-02-02 02:51:50,47.0667,51.8667,30.2,100,100,4.47
184,Mangrol,IN,2022-02-02 02:51:50,21.1167,70.1167,69.39,61,1,6.38
185,Talara,PE,2022-02-02 02:51:51,-4.5772,-81.2719,72.12,81,24,8.16
186,Puente Nacional,CO,2022-02-02 02:51:51,5.8774,-73.6781,61.03,96,71,1.03
187,Lagos,NG,2022-02-02 02:46:56,6.5833,3.75,75.52,83,6,3.6
188,Torbay,CA,2022-02-02 02:51:52,47.6666,-52.7314,18.57,69,0,16.11
189,Alamos,MX,2022-02-02 02:51:52,27.0167,-108.9333,61.72,30,97,2.93
190,Porto De Moz,BR,2022-02-02 02:51:53,-1.7483,-52.2383,73.47,96,100,2.91
191,Ridgecrest,US,2022-02-02 02:51:53,35.6225,-117.6709,53.46,19,0,4.0
192,Pangnirtung,CA,2022-02-02 02:51:53,66.1451,-65.7125,-18.85,81,82,6.42
193,Esso,RU,2022-02-02 02:51:54,55.9333,158.7,22.6,93,100,8.81
194,Huangcun,CN,2022-02-02 02:51:54,30.0145,118.4037,35.55,99,100,2.57
195,Lebu,CL,2022-02-02 02:51:55,-37.6167,-73.65,58.15,94,10,9.78
196,Pevek,RU,2022-02-02 02:51:55,69.7008,170.3133,-6.43,79,100,2.98
197,Belyy Yar,RU,2022-02-02 02:47:53,53.6039,91.3903,-18.51,76,20,2.24
198,West Odessa,US,2022-02-02 02:51:56,31.8424,-102.4988,56.68,24,0,10.36
199,Beira,MZ,2022-02-02 02:48:04,-19.8436,34.8389,77.09,94,20,5.99
200,Niceville,US,2022-02-02 02:47:54,30.5169,-86.4822,61.05,60,40,3.0
201,West Bay,KY,2022-02-02 02:51:57,19.3667,-81.4167,75.27,89,20,3.0
202,Artesia,US,2022-02-02 02:51:57,33.8658,-118.0831,59.86,74,0,1.01
203,Bowen,AU,2022-02-02 02:51:57,-20.0167,148.2333,91.62,68,100,10.76
204,Rock Springs,US,2022-02-02 02:51:58,41.5875,-109.2029,15.24,53,0,5.01
205,Port Lincoln,AU,2022-02-02 02:51:58,-34.7333,135.8667,64.67,52,95,17.09
206,Saravena,CO,2022-02-02 02:51:59,6.9538,-71.8752,75.63,48,100,3.15
207,Kingsland,US,2022-02-02 02:51:59,30.8,-81.6898,55.89,95,73,4.47
208,Saint-Augustin,CA,2022-02-02 02:52:00,51.226,-58.6502,-18.06,94,7,5.97
209,Mitsamiouli,KM,2022-02-02 02:52:00,-11.3847,43.2844,81.23,78,96,5.59
210,San Patricio,US,2022-02-02 02:52:00,28.017,-97.5169,61.84,82,13,7.63
211,Tongchuan,CN,2022-02-02 02:52:01,35.0806,109.0897,31.96,57,100,0.43
212,Vardo,NO,2022-02-02 02:50:25,70.3705,31.1107,29.43,65,100,16.08
213,Le Port,RE,2022-02-02 02:52:02,-20.9373,55.2919,82.36,87,100,11.56
214,Alirajpur,IN,2022-02-02 02:52:02,22.3031,74.3546,67.78,50,0,1.01
215,Gamboula,CF,2022-02-02 02:52:02,4.1178,15.1393,66.56,36,62,1.32
216,Ostrovnoy,RU,2022-02-02 02:52:03,68.0531,39.5131,19.58,91,100,11.56
217,Shellbrook,CA,2022-02-02 02:52:03,53.2168,-106.4011,-10.17,91,97,9.4
218,Talcahuano,CL,2022-02-02 02:52:04,-36.7167,-73.1167,58.68,88,100,14.97
219,Menongue,AO,2022-02-02 02:52:04,-14.6585,17.691,61.66,62,100,3.36
220,Suoyarvi,RU,2022-02-02 02:52:05,62.0833,32.35,10.71,96,100,4.79
221,Port Hardy,CA,2022-02-02 02:52:05,50.6996,-127.4199,39.76,93,100,2.3
222,Ugoofaaru,MV,2022-02-02 02:49:02,5.6667,73.0,82.33,73,19,16.37
223,Dir,PK,2022-02-02 02:52:06,35.2058,71.8756,38.97,44,93,5.19
224,Moree,AU,2022-02-02 02:53:06,-29.4667,149.85,77.02,78,100,10.36
225,Esperance,AU,2022-02-02 02:53:07,-33.8667,121.9,73.24,46,21,19.24
226,Alta Floresta,BR,2022-02-02 02:48:20,-9.8756,-56.0861,69.53,96,53,2.19
227,Murgab,TM,2022-02-02 02:53:07,37.4966,61.9714,44.47,65,75,11.5
228,Havre-Saint-Pierre,CA,2022-02-02 02:53:08,50.2334,-63.5986,8.6,77,100,9.22
229,Temiraul,RU,2022-02-02 02:53:08,43.2532,46.8254,34.29,88,53,7.16
230,Muramatsu,JP,2022-02-02 02:53:09,37.6833,139.1833,36.66,82,100,14.07
231,Chuy,UY,2022-02-02 02:53:09,-33.6971,-53.4616,62.06,77,0,6.67
232,Divicani,BA,2022-02-02 02:53:10,44.3667,17.3261,24.64,93,73,4.12
233,Juneau,US,2022-02-02 02:53:10,58.3019,-134.4197,25.21,86,100,6.78
234,Agadez,NE,2022-02-02 02:50:53,19.75,10.25,53.26,23,0,6.62
235,Gelemso,ET,2022-02-02 02:53:11,8.8167,40.5167,57.18,62,100,5.23
236,Norman Wells,CA,2022-02-02 02:53:11,65.282,-126.8329,-29.16,68,20,2.3
237,Reconquista,AR,2022-02-02 02:53:12,-29.15,-59.65,82.18,34,65,8.21
238,Balkanabat,TM,2022-02-02 02:53:12,39.5108,54.3671,42.48,80,0,3.6
239,Zalantun,CN,2022-02-02 02:53:12,48.0,122.7167,3.76,67,87,13.31
240,Atar,MR,2022-02-02 02:53:13,20.5169,-13.0499,73.27,13,77,10.96
241,Semey,KZ,2022-02-02 02:53:03,50.4111,80.2275,-12.78,84,0,2.24
242,Barinas,VE,2022-02-02 02:53:13,8.6226,-70.2075,91.44,40,20,2.3
243,Charters Towers,AU,2022-02-02 02:53:14,-20.1,146.2667,93.04,45,100,3.96
244,Waw,SS,2022-02-02 02:53:14,7.7029,27.9953,69.26,26,82,4.56
245,Usinsk,RU,2022-02-02 02:50:39,65.9939,57.5281,1.58,89,100,9.37
246,Yarmouth,US,2022-02-02 02:53:15,41.7057,-70.2286,36.97,83,100,4.0
247,Cabo San Lucas,MX,2022-02-02 02:53:15,22.8909,-109.9124,69.51,62,0,4.0
248,Lubao,PH,2022-02-02 02:53:16,14.9167,120.55,86.02,54,17,13.53
249,Kissamos,GR,2022-02-02 02:53:16,35.4939,23.6569,57.9,75,82,20.58
250,Yokadouma,CM,2022-02-02 02:53:17,3.5167,15.05,64.22,40,65,0.63
251,Nosy Varika,MG,2022-02-02 02:53:17,-20.5833,48.5333,72.48,89,99,7.96
252,Nushki,PK,2022-02-02 02:53:17,29.5542,66.0215,54.91,31,46,5.7
253,Petropavlovsk-Kamchatskiy,RU,2022-02-02 02:49:04,53.0452,158.6483,32.59,100,100,35.79
254,Nedjo,ET,2022-02-02 02:53:18,9.5046,35.5019,56.91,37,62,2.15
255,Asfi,MA,2022-02-02 02:53:18,32.2994,-9.2372,59.16,47,69,11.68
256,Saint Stephen,GB,2022-02-02 02:53:19,50.3333,-4.9,48.74,93,100,16.11
257,Port-Gentil,GA,2022-02-02 02:53:19,-0.7193,8.7815,81.12,75,98,10.98
258,Inta,RU,2022-02-02 02:53:20,66.0317,60.1659,2.8,84,98,8.57
259,Panjab,AF,2022-02-02 02:53:21,34.388,67.0233,16.75,96,100,2.35
260,Isangel,VU,2022-02-02 02:53:21,-19.55,169.2667,86.11,79,75,2.3
261,Marsa Matruh,EG,2022-02-02 02:53:21,31.3525,27.2453,48.4,66,0,8.05
262,Havoysund,NO,2022-02-02 02:53:22,70.9963,24.6622,23.88,68,84,12.64
263,Saint George,US,2022-02-02 02:48:30,37.1041,-113.5841,43.39,25,0,1.99
264,Esil,KZ,2022-02-02 02:53:23,51.9556,66.4042,14.81,84,100,8.88
265,Yukhnov,RU,2022-02-02 02:53:23,54.7444,35.2297,16.61,95,100,7.34
266,Taltal,CL,2022-02-02 02:53:16,-25.4,-70.4833,66.27,79,0,1.28
267,Saint-Joseph,RE,2022-02-02 02:53:24,-21.3667,55.6167,80.96,94,100,24.67
268,Yulara,AU,2022-02-02 02:53:24,-25.2406,130.9889,69.64,94,100,14.97
269,Peleduy,RU,2022-02-02 02:49:26,59.6289,112.7406,-1.84,94,99,5.3
270,Naze,JP,2022-02-02 02:53:25,28.3667,129.4833,56.32,73,100,13.15
271,Merauke,ID,2022-02-02 02:54:25,-8.4667,140.3333,76.37,85,100,3.42
272,Poum,NC,2022-02-02 02:54:26,-20.2333,164.0167,80.83,73,63,11.86
273,Cabinda,AO,2022-02-02 02:54:26,-5.55,12.2,77.14,90,100,6.2
274,Dakar,SN,2022-02-02 02:54:26,14.6937,-17.4441,74.28,43,85,15.05
275,Kavaratti,IN,2022-02-02 02:54:27,10.5669,72.642,80.37,68,6,9.26
276,Isabela,PH,2022-02-02 02:50:43,6.7085,121.9711,87.85,65,97,7.11
277,Katsuura,JP,2022-02-02 02:54:28,35.1333,140.3,50.14,36,0,12.82
278,Edd,ER,2022-02-02 02:54:28,13.9297,41.6925,76.78,76,68,2.01
279,Qasigiannguit,GL,2022-02-02 02:54:29,68.8193,-51.1922,-1.5,95,100,4.92
280,Ostersund,SE,2022-02-02 02:54:29,63.1792,14.6357,13.6,92,100,2.3
281,Inuvik,CA,2022-02-02 02:54:29,68.3499,-133.7218,-15.74,76,20,4.61
282,Nantucket,US,2022-02-02 02:54:30,41.2835,-70.0995,37.51,79,98,18.23
283,Farap,TM,2022-02-02 02:54:30,39.1704,63.6116,44.6,70,100,9.22
284,Orange,US,2022-02-02 02:50:01,33.7,-117.7675,59.47,80,0,3.58
285,Gladstone,AU,2022-02-02 02:54:31,-23.85,151.25,93.78,55,100,13.8
286,Laurel,US,2022-02-02 02:49:33,39.0993,-76.8483,34.75,80,0,0.0
287,Micheweni,TZ,2022-02-02 02:54:32,-4.9667,39.8333,78.51,80,92,4.52
288,Tatawin,TN,2022-02-02 02:54:32,32.9297,10.4518,47.28,67,0,14.34
289,Alofi,NU,2022-02-02 02:54:32,-19.0595,-169.9187,78.69,83,75,3.44
290,Kasongo,CD,2022-02-02 02:54:33,-4.45,26.6667,67.37,98,100,2.46
291,Kapit,MY,2022-02-02 02:54:33,2.0167,112.9333,87.62,62,41,1.01
292,Knysna,ZA,2022-02-02 02:54:34,-34.0363,23.0471,74.71,82,93,2.91
293,Sao Joao Da Barra,BR,2022-02-02 02:54:34,-21.6403,-41.0511,72.3,97,100,5.61
294,Warmbad,NA,2022-02-02 02:54:35,-28.45,18.7333,75.94,63,98,3.22
295,Calabozo,VE,2022-02-02 02:54:35,8.9242,-67.4293,82.27,48,25,5.68
296,Te Anau,NZ,2022-02-02 02:54:35,-45.4167,167.7167,66.25,98,100,4.47
297,Yarada,IN,2022-02-02 02:54:36,17.65,83.2667,71.92,88,20,2.3
298,Vila Franca Do Campo,PT,2022-02-02 02:54:36,37.7167,-25.4333,57.61,78,87,10.69
299,Hambantota,LK,2022-02-02 02:54:37,6.1241,81.1185,73.74,94,20,5.75
300,Magadan,RU,2022-02-02 02:54:37,59.5667,150.8,8.96,76,99,12.19
301,Los Llanos De Aridane,ES,2022-02-02 02:54:37,28.6585,-17.9182,62.35,59,0,5.75
302,Sorong,ID,2022-02-02 02:54:38,-0.8833,131.25,82.08,71,100,2.46
303,Geraldton,AU,2022-02-02 02:54:38,-28.7667,114.6,100.81,17,0,28.77
304,La Ronge,CA,2022-02-02 02:54:39,55.1001,-105.2842,-10.95,64,20,11.5
305,Sambava,MG,2022-02-02 02:54:39,-14.2667,50.1667,73.81,82,100,5.03
306,Marau,BR,2022-02-02 02:54:40,-28.4492,-52.2,63.81,71,0,5.3
307,Astoria,US,2022-02-02 02:54:40,46.1879,-123.8313,43.95,91,100,1.01
308,San Quintin,MX,2022-02-02 02:54:41,30.4833,-115.95,58.42,68,56,8.21
309,Bida,NG,2022-02-02 02:54:41,9.0833,6.0167,67.66,19,0,4.83
310,Kahului,US,2022-02-02 02:54:41,20.8947,-156.47,78.96,74,20,11.81
311,Richards Bay,ZA,2022-02-02 02:54:42,-28.783,32.0377,75.2,82,91,11.27
312,Sinnamary,GF,2022-02-02 02:54:42,5.3833,-52.95,77.0,82,92,11.65
313,Laguna,US,2022-02-02 02:54:43,38.421,-121.4238,57.09,33,0,7.0
314,Pine Bluff,US,2022-02-02 02:53:57,34.2284,-92.0032,55.51,91,100,8.99
315,Mantua,IT,2022-02-02 02:54:43,45.1667,10.7833,40.05,66,3,1.99
316,Pulandian,CN,2022-02-02 02:54:44,39.3953,121.9669,30.33,54,1,8.7
317,Trujillo,PE,2022-02-02 02:54:44,-8.116,-79.03,64.36,94,75,8.05
318,Khartoum,SD,2022-02-02 02:55:45,15.5518,32.5324,60.03,25,0,9.1
319,Labuhan,ID,2022-02-02 02:55:45,-6.8844,112.2051,84.6,69,34,4.68
320,Husavik,IS,2022-02-02 02:55:46,66.0449,-17.3389,8.51,79,95,8.81
321,Ananas,HT,2022-02-02 02:55:46,19.2466,-71.9557,65.93,93,40,3.8
322,Oranjestad,AW,2022-02-02 02:55:29,12.524,-70.027,78.75,83,20,17.27
323,Surt,LY,2022-02-02 02:55:06,31.2089,16.5887,53.85,63,28,26.64
324,Nemuro,JP,2022-02-02 02:55:47,43.3236,145.575,25.23,64,21,19.44
325,Formosa,AR,2022-02-02 02:55:48,-26.1775,-58.1781,84.18,39,0,4.61
326,Provideniya,RU,2022-02-02 02:55:48,64.3833,-173.3,15.91,62,20,29.08
327,Bareli,IN,2022-02-02 02:55:48,28.35,79.4167,52.99,80,0,4.9
328,Acapulco,MX,2022-02-02 02:53:22,16.8634,-99.8901,76.19,73,15,7.56
329,Cidreira,BR,2022-02-02 02:55:49,-30.1811,-50.2056,72.77,75,0,13.82
330,Puerto Madryn,AR,2022-02-02 02:55:49,-42.7692,-65.0385,73.98,43,71,12.64
331,Aurillac,FR,2022-02-02 02:55:50,44.9167,2.45,39.45,99,100,3.44
332,Mareeba,AU,2022-02-02 02:55:50,-17.0,145.4333,87.44,77,100,5.26
333,Chapais,CA,2022-02-02 02:55:51,49.7834,-74.8492,20.98,90,100,18.05
334,Wagga Wagga,AU,2022-02-02 02:55:51,-35.1167,147.3667,76.6,43,0,9.22
335,Srandakan,ID,2022-02-02 02:55:52,-7.9386,110.2506,87.1,60,12,3.29
336,Saint-Pierre,RE,2022-02-02 02:54:13,-21.3393,55.4781,82.04,89,100,33.38
337,Gewane,ET,2022-02-02 02:55:52,10.1664,40.6453,73.53,56,72,3.31
338,Champerico,GT,2022-02-02 02:55:53,14.3,-91.9167,80.35,69,0,8.19
339,Kinango,KE,2022-02-02 02:55:53,-4.1372,39.3153,70.95,97,96,2.98
340,Katherine,AU,2022-02-02 02:55:07,-14.4667,132.2667,88.12,62,30,21.85
341,Le Vauclin,MQ,2022-02-02 02:55:54,14.5452,-60.8388,75.85,88,20,2.3
342,Sitka,US,2022-02-02 02:55:54,57.0531,-135.33,30.09,80,100,19.57
343,Santa Maria,BR,2022-02-02 02:55:55,-29.6842,-53.8069,72.7,88,0,4.61
344,Ojinaga,MX,2022-02-02 02:55:55,29.5667,-104.4167,65.35,24,0,3.44
345,Hyeres,FR,2022-02-02 02:55:56,43.1167,6.1167,58.75,46,0,25.32
346,Khani,GE,2022-02-02 02:55:56,41.9563,42.9566,35.17,75,29,9.86
347,Chicama,PE,2022-02-02 02:55:57,-7.8447,-79.1469,63.14,67,14,5.77
348,Banswara,IN,2022-02-02 02:55:57,23.55,74.45,66.6,56,0,2.98
349,Kargasok,RU,2022-02-02 02:55:57,59.0556,80.8572,13.37,96,100,6.11
350,Kaduna,NG,2022-02-02 02:55:58,10.5222,7.4383,57.99,20,0,8.08
351,Port Macquarie,AU,2022-02-02 02:55:58,-31.4333,152.9167,78.76,100,100,6.91
352,Bonavista,CA,2022-02-02 02:55:59,48.6499,-53.1147,18.12,73,100,20.71
353,Honningsvag,NO,2022-02-02 02:55:59,70.9821,25.9704,26.4,65,97,15.05
354,Jacksonville,US,2022-02-02 02:54:36,30.3322,-81.6556,55.98,85,0,1.01
355,Saryagash,KZ,2022-02-02 02:56:00,41.4511,69.1701,37.36,30,100,5.01
356,Riom,FR,2022-02-02 02:56:00,45.9167,2.9167,36.79,97,100,8.01
357,Poltavskaya,RU,2022-02-02 02:56:00,45.362,38.2154,38.25,91,100,6.49
358,Mbala,ZM,2022-02-02 02:56:01,-8.8402,31.3659,59.88,95,100,1.88
359,Narsaq,GL,2022-02-02 02:55:41,60.9167,-46.05,-8.27,81,14,4.5
360,Russell,US,2022-02-02 02:56:02,32.3502,-85.1999,56.48,64,100,6.4
361,Ladispoli,IT,2022-02-02 02:56:02,41.9537,12.0735,46.04,53,0,3.74
362,Guerrero Negro,MX,2022-02-02 02:56:03,27.9769,-114.0611,60.28,74,96,11.72
363,Pouebo,NC,2022-02-02 02:57:03,-20.4,164.5667,86.5,62,86,5.08
364,Santa Cruz Cabralia,BR,2022-02-02 02:57:04,-16.2781,-39.0247,79.03,89,0,4.61
365,Taunggyi,MM,2022-02-02 02:57:04,20.7833,97.0333,60.62,29,0,3.85
366,Rudbar,AF,2022-02-02 02:57:05,30.15,62.6,56.91,34,95,12.01
367,Sibolga,ID,2022-02-02 02:57:05,1.7427,98.7792,81.81,71,91,2.39
368,Emba,KZ,2022-02-02 02:57:05,48.8264,58.1442,14.23,91,100,2.93
369,Henties Bay,NA,2022-02-02 02:57:06,-22.116,14.2845,65.86,84,76,2.1
370,Cascais,PT,2022-02-02 02:57:06,38.6979,-9.4215,55.06,51,0,5.01
371,Batagay-Alyta,RU,2022-02-02 02:57:07,67.8006,130.4114,-7.6,97,100,2.42
372,Dicabisagan,PH,2022-02-02 02:57:07,17.0818,122.4157,77.95,67,84,7.9
373,Aguimes,ES,2022-02-02 02:57:07,27.9054,-15.4461,70.66,36,20,3.44
374,Paamiut,GL,2022-02-02 02:57:08,61.994,-49.6678,1.33,87,100,8.72
375,Bengkulu,ID,2022-02-02 02:57:08,-3.8004,102.2655,75.76,77,100,5.64
376,Concordia,AR,2022-02-02 02:57:09,-31.393,-58.0209,78.78,53,0,4.0
377,Rio Gallegos,AR,2022-02-02 02:56:36,-51.6226,-69.2181,51.85,43,75,26.46
378,Belaya Gora,RU,2022-02-02 02:57:09,68.5333,146.4167,-12.08,93,100,3.87
379,Skjervoy,NO,2022-02-02 02:57:10,70.0311,20.9714,26.58,57,74,18.1
380,Dudinka,RU,2022-02-02 02:57:10,69.4058,86.1778,2.62,93,99,12.12
381,Kirakira,SB,2022-02-02 02:57:11,-10.4544,161.9205,82.71,81,77,6.71
382,Verkhoyansk,RU,2022-02-02 02:57:11,67.5447,133.385,-14.31,95,100,0.81
383,Sept-Iles,CA,2022-02-02 02:53:26,50.2001,-66.3821,2.05,70,100,4.0
384,Hit,IQ,2022-02-02 02:57:12,33.6416,42.8251,46.78,69,0,2.17
385,Samarai,PG,2022-02-02 02:57:12,-10.6167,150.6667,84.2,69,100,9.42
386,Muisne,EC,2022-02-02 02:56:47,0.6,-80.0333,76.44,83,97,1.92
387,Owando,CG,2022-02-02 02:57:13,-0.4819,15.8999,76.14,61,77,0.94
388,Yugo-Kamskiy,RU,2022-02-02 02:57:13,57.7053,55.5894,30.22,94,100,9.95
389,Half Moon Bay,US,2022-02-02 02:57:14,37.4636,-122.4286,59.07,43,20,5.01
390,Bayji,IQ,2022-02-02 02:57:14,34.9311,43.487,46.36,68,4,4.79
391,Teya,RU,2022-02-02 02:57:15,60.3778,92.6267,1.38,99,93,4.14
392,Hasaki,JP,2022-02-02 02:57:15,35.7333,140.8333,50.29,32,0,24.32
393,Faya,SA,2022-02-02 02:57:15,18.3851,42.4509,50.52,57,0,4.52
394,Birin,NP,2022-02-02 02:57:16,26.8865,88.0718,45.68,69,44,3.53
395,Ulundi,ZA,2022-02-02 02:57:17,-28.3352,31.4162,68.45,95,90,3.33
396,Gimli,CA,2022-02-02 02:57:17,50.6336,-96.9907,-5.78,65,100,13.8
397,Marrakesh,MA,2022-02-02 02:57:18,31.6315,-8.0083,50.07,46,99,2.3
398,Oksfjord,NO,2022-02-02 02:57:18,70.2396,22.3479,23.92,67,70,12.66
399,Okha,RU,2022-02-02 02:57:18,53.5739,142.9478,2.1,89,97,21.92
400,Korla,CN,2022-02-02 02:57:19,41.7597,86.1469,24.85,43,0,2.98
401,Bawana,IN,2022-02-02 02:57:19,28.8,77.0333,51.85,67,0,4.29
402,Pisco,PE,2022-02-02 02:57:20,-13.7,-76.2167,69.85,78,0,14.97
403,Tezu,IN,2022-02-02 02:57:20,27.9167,96.1667,61.81,62,99,1.16
404,Nanortalik,GL,2022-02-02 02:57:21,60.1432,-45.2371,7.34,67,41,15.77
405,Dong Hoi,VN,2022-02-02 02:57:21,17.4833,106.6,67.89,85,100,8.08
406,Fort Dodge,US,2022-02-02 02:57:22,42.4975,-94.168,16.75,76,100,13.27
407,Meulaboh,ID,2022-02-02 02:57:22,4.1363,96.1285,82.11,71,42,4.45
408,Mayumba,GA,2022-02-02 02:57:22,-3.432,10.6554,77.04,90,99,5.44
409,Antofagasta,CL,2022-02-02 02:57:23,-23.65,-70.4,65.48,82,7,4.32
410,Ahipara,NZ,2022-02-02 02:57:23,-35.1667,173.1667,75.99,63,100,14.72
411,Santa Barbara,US,2022-02-02 02:57:14,34.7333,-120.0343,50.34,37,0,9.22
412,Ushtobe,KZ,2022-02-02 02:58:24,45.2514,77.9838,16.38,83,62,10.94
413,Ponta Delgada,PT,2022-02-02 02:58:24,37.7333,-25.6667,57.92,72,20,4.61
414,Krasnoborsk,RU,2022-02-02 02:58:25,61.5598,45.934,22.19,96,96,4.74
415,Olinda,BR,2022-02-02 02:58:25,-8.0089,-34.8553,82.13,74,40,5.75
416,Taber,CA,2022-02-02 02:58:26,49.8167,-112.1518,0.91,82,100,2.3
417,Ballina,AU,2022-02-02 02:58:26,-28.8667,153.5667,87.98,75,100,5.75
418,Pimenta Bueno,BR,2022-02-02 02:58:27,-11.6725,-61.1936,71.53,95,62,1.36
419,Roma,US,2022-02-02 02:58:27,43.2128,-75.4557,33.44,65,98,5.01
420,Fort-Shevchenko,KZ,2022-02-02 02:58:28,44.5086,50.263,36.23,86,61,8.16
421,Egvekinot,RU,2022-02-02 02:58:28,66.3167,-179.1667,-5.48,84,66,20.4
422,Chicago,US,2022-02-02 02:57:04,41.85,-87.65,37.18,89,100,8.23
423,Ishinomaki,JP,2022-02-02 02:58:29,38.4167,141.3,39.2,54,46,25.23
424,Vila Velha,BR,2022-02-02 02:58:29,-20.3297,-40.2925,73.94,95,100,4.0
425,Dawei,MM,2022-02-02 02:58:29,14.0833,98.2,82.58,55,23,3.38
426,Jaque,PA,2022-02-02 02:58:30,7.5175,-78.1703,76.68,82,0,6.04
427,Pointe Michel,DM,2022-02-02 02:58:30,15.25,-61.3833,76.89,78,0,9.69
428,Ibra,OM,2022-02-02 02:58:31,22.6906,58.5334,64.98,33,5,2.77
429,Xixiang,CN,2022-02-02 02:58:31,35.1628,112.865,41.63,39,50,4.36
430,Okhtyrka,UA,2022-02-02 02:58:31,50.3104,34.8988,8.2,99,100,4.85
431,Bundaberg,AU,2022-02-02 02:58:32,-24.85,152.35,89.89,75,40,8.01
432,Skowhegan,US,2022-02-02 02:56:51,44.7651,-69.7192,20.46,98,100,0.11
433,Tehachapi,US,2022-02-02 02:58:33,35.1322,-118.449,46.44,83,38,1.99
434,Arica,CL,2022-02-02 02:58:33,-18.475,-70.3042,68.23,68,0,3.44
435,Victoria,HK,2022-02-02 02:58:34,22.2855,114.1577,61.25,90,100,3.0
436,Hat Yai,TH,2022-02-02 02:55:17,7.0084,100.4767,84.38,65,20,5.75
437,Hakui,JP,2022-02-02 02:58:34,36.8833,136.7833,42.76,58,96,9.44
438,Minot,US,2022-02-02 02:58:35,48.2325,-101.2963,-7.89,87,8,12.26
439,Aykhal,RU,2022-02-02 02:58:35,66.0,111.5,-18.99,100,12,2.53
440,Calvinia,ZA,2022-02-02 02:58:36,-31.4707,19.776,69.48,73,100,3.74
441,Bermejo,AR,2022-02-02 02:58:36,-32.8833,-68.8,80.51,50,20,0.0
442,Sunyani,GH,2022-02-02 02:58:36,7.3399,-2.3268,65.28,20,73,1.83
443,Kieta,PG,2022-02-02 02:58:37,-6.2167,155.6333,84.25,72,68,9.91
444,Port Blair,IN,2022-02-02 02:58:37,11.6667,92.75,78.84,78,20,2.3
445,Qaqortoq,GL,2022-02-02 02:56:57,60.7167,-46.0333,-5.76,90,8,4.81
446,Coquimbo,CL,2022-02-02 02:58:38,-29.9533,-71.3436,62.33,94,0,5.75
447,Deputatskiy,RU,2022-02-02 02:58:38,69.3,139.9,-14.19,98,100,1.3
448,Eyrarbakki,IS,2022-02-02 02:58:39,63.863,-21.1481,30.25,95,100,3.15
449,Vestmanna,FO,2022-02-02 02:58:39,62.1564,-7.1664,34.72,87,75,8.05
450,Martapura,ID,2022-02-02 02:58:40,-3.4167,114.85,84.29,74,20,3.44
451,Sao Filipe,CV,2022-02-02 02:56:58,14.8961,-24.4956,72.95,78,10,13.89
452,Hofn,IS,2022-02-02 02:58:40,64.2539,-15.2082,26.42,69,54,8.23
453,Aksay,RU,2022-02-02 02:58:41,47.26,39.87,38.25,93,100,4.0
454,Coromoro,CO,2022-02-02 02:58:41,6.2946,-73.0402,62.83,95,79,1.3
455,Natal,BR,2022-02-02 02:58:42,-5.795,-35.2094,79.02,89,20,5.75
456,Necochea,AR,2022-02-02 02:58:42,-38.5473,-58.7368,60.04,76,67,6.11
457,Wukari,NG,2022-02-02 02:59:42,7.85,9.7833,70.54,19,2,7.78
458,Baracoa,CU,2022-02-02 02:59:43,20.3467,-74.4958,74.37,80,96,13.44
459,Novyy Urengoy,RU,2022-02-02 02:59:43,66.0833,76.6333,-16.98,100,100,5.55
460,Hovd,MN,2022-02-02 02:59:44,48.0056,91.6419,-3.64,83,100,0.83
461,Saint Anthony,US,2022-02-02 02:59:44,45.0205,-93.218,7.25,70,0,5.99
462,Quballat,TN,2022-02-02 02:59:45,36.5418,9.6633,48.09,71,36,18.01
463,Gondanglegi,ID,2022-02-02 02:59:45,-7.7479,112.0132,85.87,67,24,5.3
464,Taoudenni,ML,2022-02-02 02:59:45,22.6783,-3.9836,66.42,25,50,11.79
465,Baruun-Urt,MN,2022-02-02 02:59:46,46.6806,113.2792,-2.31,81,8,7.27
466,Robertsport,LR,2022-02-02 02:59:46,6.7533,-11.3686,78.08,82,67,2.44
467,Namatanai,PG,2022-02-02 02:58:10,-3.6667,152.4333,83.26,69,94,7.47
468,Firovo,RU,2022-02-02 02:59:47,57.4814,33.7021,17.71,95,100,6.62
469,Tambun,ID,2022-02-02 02:59:47,-6.2641,107.0712,86.04,74,40,4.61
470,Ambalavao,MG,2022-02-02 02:59:48,-21.8333,46.9333,60.1,96,76,4.16
471,Chumikan,RU,2022-02-02 02:59:48,54.7183,135.315,0.25,73,23,14.67
472,Dunedin,NZ,2022-02-02 02:59:49,-45.8742,170.5036,74.8,65,72,15.99
473,Copiapo,CL,2022-02-02 02:57:38,-27.3667,-70.3333,66.24,66,0,0.85
474,Kupang,ID,2022-02-02 02:59:49,-10.1667,123.5833,83.37,74,27,15.17
475,Nichinan,JP,2022-02-02 02:59:50,31.6,131.3667,46.08,43,100,2.73
476,Xiongzhou,CN,2022-02-02 02:59:50,25.1167,114.3,43.75,94,100,3.09
477,Cockburn Town,TC,2022-02-02 02:56:03,21.4612,-71.1419,75.52,75,30,21.68
478,Orlik,RU,2022-02-02 02:59:51,52.5178,99.825,-12.08,95,48,1.48
479,Bisira,PA,2022-02-02 02:59:51,8.5196,-81.7115,53.51,92,49,6.24
480,Lompoc,US,2022-02-02 02:59:15,34.6391,-120.4579,55.56,59,0,24.0
481,Aleksandrov Gay,RU,2022-02-02 02:59:52,50.147,48.5704,26.11,96,100,9.04
482,Danjiangkou,CN,2022-02-02 02:59:52,32.5428,111.5086,42.22,43,100,4.63
483,Haimen,CN,2022-02-02 02:59:53,23.1935,116.6142,57.09,78,97,18.19
484,Iqaluit,CA,2022-02-02 02:59:53,63.7506,-68.5145,-7.31,69,75,17.0
485,Creel,MX,2022-02-02 02:59:54,27.75,-107.6333,37.38,55,13,7.43
486,The Valley,AI,2022-02-02 02:59:54,18.217,-63.0578,77.83,77,5,10.98
487,Placido De Castro,BR,2022-02-02 02:59:54,-10.3353,-67.1856,72.81,99,100,2.62
488,Odienne,CI,2022-02-02 02:57:44,9.51,-7.5692,69.75,18,61,4.21
489,Tambilil,PH,2022-02-02 02:59:55,5.9622,124.6697,85.93,61,96,4.79
490,Mehamn,NO,2022-02-02 02:59:55,71.0357,27.8492,16.05,82,88,9.04
491,Linfen,CN,2022-02-02 02:59:56,36.0889,111.5189,34.21,39,58,1.81
492,Amboasary,MG,2022-02-02 02:59:56,-25.0333,46.3833,75.04,90,0,4.63
493,Puerto Escondido,MX,2022-02-02 02:59:57,15.85,-97.0667,76.62,76,0,8.43
494,Kalabo,ZM,2022-02-02 02:59:57,-14.97,22.6814,63.75,82,99,2.55
495,Payakumbuh,ID,2022-02-02 02:59:58,-0.2202,100.6308,74.26,88,100,2.39
496,Darovskoy,RU,2022-02-02 02:59:58,58.77,47.9564,23.34,96,99,7.34
497,Sabzevar,IR,2022-02-02 02:59:58,36.2126,57.6819,33.94,84,10,4.05
498,Uyuni,BO,2022-02-02 02:59:59,-20.4597,-66.825,48.09,71,12,8.16
499,Comandau,RO,2022-02-02 02:59:59,45.7667,26.2667,24.67,96,99,2.53
500,Nizhniy Tsasuchey,RU,2022-02-02 03:00:00,50.5167,115.1333,-1.19,79,45,8.66
501,Antalaha,MG,2022-02-02 03:00:00,-14.9003,50.2788,74.55,83,93,6.22
502,Qui Nhon,VN,2022-02-02 03:00:01,13.7667,109.2333,76.57,81,82,10.85
503,Galashki,RU,2022-02-02 03:00:02,43.1136,44.9894,23.95,80,80,4.94
504,Maneadero,MX,2022-02-02 03:01:03,31.7167,-116.5667,57.09,78,98,1.01
505,Yinchuan,CN,2022-02-02 03:01:04,38.4681,106.2731,22.17,17,5,0.96
506,Penzance,GB,2022-02-02 03:01:04,50.1186,-5.5371,49.21,82,98,17.56
507,Luanda,AO,2022-02-02 03:01:05,-8.8368,13.2343,74.93,80,33,7.16
508,Beidao,CN,2022-02-02 03:01:05,34.5686,105.8933,27.14,84,100,2.24
509,Adre,TD,2022-02-02 03:01:06,13.4667,22.2,60.13,24,1,4.97
510,Cam Ranh,VN,2022-02-02 03:01:06,11.9214,109.1591,82.36,61,20,11.5
511,Arroyo,ES,2022-02-02 03:01:06,41.6096,-4.7969,37.44,80,0,8.05
512,Umm Lajj,SA,2022-02-02 03:01:07,25.0213,37.2685,64.4,29,0,3.18
513,Kolosovka,RU,2022-02-02 03:01:07,56.4678,73.611,3.36,99,99,6.87
514,Svetlaya,RU,2022-02-02 03:01:08,46.5389,138.3297,18.21,54,6,6.17
515,Aksu,CN,2022-02-02 03:01:08,41.1231,80.2644,24.82,47,0,0.78
516,Marsh Harbour,BS,2022-02-02 02:56:41,26.5412,-77.0636,68.18,56,100,19.04
517,Walvis Bay,NA,2022-02-02 03:01:09,-22.9575,14.5053,66.09,89,11,2.06
518,Maine-Soroa,NE,2022-02-02 03:01:09,13.2114,12.0241,56.71,17,2,8.52
519,Maldonado,UY,2022-02-02 03:01:10,-34.6667,-54.9167,64.22,68,0,6.87
520,Tres Lagoas,BR,2022-02-02 03:01:10,-20.7511,-51.6783,70.77,97,100,5.19
521,Domodossola,IT,2022-02-02 03:01:11,46.1165,8.2931,46.62,82,81,8.79
522,Sarahan,IN,2022-02-02 03:01:11,31.5167,77.8,37.42,42,99,7.4
523,Phan Thiet,VN,2022-02-02 03:01:12,10.9333,108.1,85.5,51,79,10.29
524,Santa Cruz,BO,2022-02-02 03:01:12,-17.8,-63.1667,70.25,97,100,6.04
525,Itaituba,BR,2022-02-02 03:00:38,-4.2761,-55.9836,74.8,84,92,2.04
526,Kirovskiy,RU,2022-02-02 03:01:13,45.0917,133.5136,9.23,86,100,7.65
527,Rebrikha,RU,2022-02-02 03:01:13,53.0733,82.3408,5.09,96,100,3.94
528,Baoding,CN,2022-02-02 03:00:18,38.8511,115.4903,32.72,29,0,1.16
529,Ozernovskiy,RU,2022-02-02 03:01:14,51.5,156.5167,29.91,74,100,4.29
530,Ulladulla,AU,2022-02-02 03:01:14,-35.35,150.4667,68.88,79,100,7.76
531,Ankang,CN,2022-02-02 02:58:47,32.68,109.0172,43.66,63,100,2.46
532,Nivala,FI,2022-02-02 03:01:15,63.9167,24.9667,14.68,96,99,3.74
533,Omboue,GA,2022-02-02 03:01:15,-1.5746,9.2618,78.01,83,99,6.06
534,Skibbereen,IE,2022-02-02 03:01:16,51.55,-9.2667,46.2,84,35,14.34
535,Grand Gaube,MU,2022-02-02 02:58:11,-20.0064,57.6608,81.37,81,100,17.0
536,Albury,AU,2022-02-02 02:59:03,-36.0833,146.9167,76.01,76,40,8.05
537,Waitati,NZ,2022-02-02 03:01:16,-45.75,170.5667,74.8,65,72,12.48
538,Rosetown,CA,2022-02-02 03:01:17,51.5501,-108.0014,-10.48,92,30,11.79
539,Huilong,CN,2022-02-02 03:01:17,31.8111,121.655,46.04,62,100,7.18
540,Raudeberg,NO,2022-02-02 03:01:18,61.9875,5.1352,34.86,92,95,1.01
541,Byron Bay,AU,2022-02-02 02:56:31,-28.65,153.6167,87.91,75,100,3.22
542,Pachperwa,IN,2022-02-02 03:01:18,27.5167,82.65,55.8,68,0,5.88
543,Lakeway,US,2022-02-02 03:01:19,30.3638,-97.9796,58.5,87,0,1.01
544,Axim,GH,2022-02-02 03:01:19,4.8699,-2.2405,77.81,85,99,2.01
545,Rio De Janeiro,BR,2022-02-02 03:00:02,-22.9028,-43.2075,77.92,92,99,3.04
546,Cervo,ES,2022-02-02 03:01:20,43.6702,-7.4101,46.44,87,3,7.2
547,Vohibinany,MG,2022-02-02 03:01:20,-17.35,49.0333,67.75,88,50,2.68
548,Bratsk,RU,2022-02-02 03:01:21,56.1325,101.6142,-8.66,97,92,1.57
549,Manggar,ID,2022-02-02 03:01:21,-2.8833,108.2667,86.23,59,30,4.38
550,Flagstaff,US,2022-02-02 02:58:44,35.1981,-111.6513,38.68,51,98,1.01
551,Lahaina,US,2022-02-02 03:01:22,20.8783,-156.6825,78.94,68,5,10.22
552,Pechory,RU,2022-02-02 03:01:22,57.8164,27.6119,15.26,99,94,2.15
553,Morros,BR,2022-02-02 03:01:23,-9.4467,-46.3003,72.86,81,39,1.83
554,Guangyuan,CN,2022-02-02 03:02:23,32.442,105.823,43.74,57,82,4.32
555,Lima,PE,2022-02-02 03:00:22,-12.0432,-77.0282,71.91,75,100,7.56
556,Argelia,CO,2022-02-02 03:02:24,2.2556,-77.2488,65.5,99,98,0.87
557,Okhotsk,RU,2022-02-02 03:02:24,59.3833,143.3,2.19,76,15,17.52
558,Sur,OM,2022-02-02 03:02:25,22.5667,59.5289,71.91,66,13,6.76
559,Monte Santo,BR,2022-02-02 03:00:29,-10.4378,-39.3328,72.97,77,52,7.31
560,Along,IN,2022-02-02 03:02:25,28.1667,94.7667,53.37,92,100,0.96
561,Lieksa,FI,2022-02-02 03:02:26,63.3167,30.0167,12.38,91,100,6.31
562,Nome,US,2022-02-02 03:02:26,64.5011,-165.4064,16.16,63,0,17.72
563,Elko,US,2022-02-02 03:00:10,41.0002,-115.5012,21.74,52,5,4.0
564,Oksbol,DK,2022-02-02 03:02:27,55.6268,8.2876,42.91,83,99,33.71
