City_ID,City,Country,Lat,Lng,Max Temp,Humidity,Cloudiness,Wind Speed,Current Description,Date
0,Moratuwa,LK,6.773,79.8816,80.62,75,89,1.32,overcast clouds,2022-02-06 03:31:59
1,Mataura,NZ,-46.1927,168.8643,57.47,38,11,5.03,few clouds,2022-02-06 03:31:59
2,Ixtapa,MX,20.7,-105.2,72.63,73,20,4.61,few clouds,2022-02-06 03:29:44
3,Brae,GB,60.3964,-1.353,39.11,54,90,31.83,overcast clouds,2022-02-06 03:32:00
4,Touros,BR,-5.1989,-35.4608,77.9,72,35,9.4,scattered clouds,2022-02-06 03:32:02
5,Mora,CM,11.0461,14.1401,60.55,22,11,3.85,few clouds,2022-02-06 03:32:03
6,Pisco,PE,-13.7,-76.2167,68.05,88,0,4.61,clear sky,2022-02-06 03:32:03
7,Komsomolskiy,UZ,40.4272,71.7189,38.12,32,100,9.22,overcast clouds,2022-02-06 03:32:04
8,Matamba,TZ,-8.9833,33.9667,55.56,86,100,3.33,overcast clouds,2022-02-06 03:32:05
9,Rikitea,PF,-23.1203,-134.9692,79.36,69,91,14.97,overcast clouds,2022-02-06 03:32:05
10,Ichalkaranji,IN,16.7,74.4667,76.05,35,58,9.33,broken clouds,2022-02-06 03:32:06
11,Boa Vista,BR,2.8197,-60.6733,82.38,65,75,6.91,broken clouds,2022-02-06 03:32:06
12,Chumikan,RU,54.7183,135.315,5.72,65,95,10.83,overcast clouds,2022-02-06 03:32:07
13,Souillac,MU,-20.5167,57.5167,81.36,83,75,12.66,broken clouds,2022-02-06 03:32:07
14,Kapaa,US,22.0752,-159.319,78.78,73,0,3.0,clear sky,2022-02-06 03:32:08
15,New Norfolk,AU,-42.7826,147.0587,76.66,33,0,3.0,clear sky,2022-02-06 03:32:09
16,Yanam,IN,16.7333,82.2167,73.8,54,13,8.12,few clouds,2022-02-06 03:32:09
17,Sompeta,IN,18.9333,84.6,73.85,48,70,6.02,broken clouds,2022-02-06 03:32:10
18,Boende,CD,-0.2167,20.8667,69.39,78,87,1.23,overcast clouds,2022-02-06 03:32:10
19,Huilong,CN,31.8111,121.655,41.99,48,97,9.78,overcast clouds,2022-02-06 03:32:11
20,Strezhevoy,RU,60.7333,77.5889,15.78,97,100,4.12,overcast clouds,2022-02-06 03:32:12
21,Ushuaia,AR,-54.8,-68.3,49.66,57,20,18.41,few clouds,2022-02-06 03:31:28
22,Diffa,NE,13.3154,12.6113,59.77,42,0,10.33,clear sky,2022-02-06 03:32:13
23,Albany,US,42.6001,-73.9662,10.35,71,5,5.97,clear sky,2022-02-06 03:28:15
24,Anuchino,RU,43.9622,133.0544,9.09,69,100,8.77,overcast clouds,2022-02-06 03:32:13
25,Puerto Leguizamo,CO,-0.1934,-74.7819,71.47,97,53,1.88,broken clouds,2022-02-06 03:32:14
26,Daru,PG,-9.0763,143.2092,89.49,60,78,8.59,broken clouds,2022-02-06 03:32:14
27,Yellowknife,CA,62.456,-114.3525,-16.58,83,0,9.22,clear sky,2022-02-06 03:32:15
28,Saint-Philippe,RE,-21.3585,55.7679,80.19,84,99,19.98,light rain,2022-02-06 03:32:15
29,Tura,IN,25.5198,90.2201,60.84,63,0,2.8,clear sky,2022-02-06 03:32:16
30,Deep River,CA,46.1001,-77.4995,-0.06,95,93,2.77,overcast clouds,2022-02-06 03:30:21
31,Carnarvon,AU,-24.8667,113.6333,82.47,69,75,19.57,broken clouds,2022-02-06 03:32:16
32,Nikolskoye,RU,59.7035,30.7861,27.72,97,100,4.72,overcast clouds,2022-02-06 03:32:17
33,Biltine,TD,14.5333,20.9167,58.96,18,12,16.98,few clouds,2022-02-06 03:32:18
34,Zvishavane,ZW,-20.3267,30.0665,63.1,94,100,8.75,overcast clouds,2022-02-06 03:32:18
35,Severo-Kurilsk,RU,50.6789,156.125,29.71,77,81,15.82,broken clouds,2022-02-06 03:32:18
36,Qaanaaq,GL,77.484,-69.3632,-1.95,97,100,2.62,overcast clouds,2022-02-06 03:32:19
37,Olafsvik,IS,64.8945,-23.7142,29.44,69,98,28.27,overcast clouds,2022-02-06 03:32:19
38,Lebu,CL,-37.6167,-73.65,57.72,85,0,15.73,clear sky,2022-02-06 03:31:11
39,Hamilton,US,39.1834,-84.5333,18.99,88,0,1.01,clear sky,2022-02-06 03:31:42
40,Punta Arenas,CL,-53.15,-70.9167,53.71,58,40,8.05,scattered clouds,2022-02-06 03:27:54
41,Vaini,TO,-21.2,-175.2,78.96,89,100,14.97,overcast clouds,2022-02-06 03:33:21
42,Necochea,AR,-38.5473,-58.7368,60.04,71,100,18.97,overcast clouds,2022-02-06 03:29:59
43,Urucara,BR,-2.5364,-57.76,73.11,99,92,0.36,overcast clouds,2022-02-06 03:33:22
44,Asfi,MA,32.2994,-9.2372,55.9,82,37,16.22,scattered clouds,2022-02-06 03:33:22
45,Mehamn,NO,71.0357,27.8492,22.84,86,82,19.62,broken clouds,2022-02-06 03:33:23
46,Abu Dhabi,AE,24.4667,54.3667,66.31,65,0,1.99,clear sky,2022-02-06 03:33:23
47,Hermanus,ZA,-34.4187,19.2345,70.9,85,73,8.39,broken clouds,2022-02-06 03:33:24
48,Bredasdorp,ZA,-34.5322,20.0403,68.29,95,64,5.28,broken clouds,2022-02-06 03:33:24
49,Iqaluit,CA,63.7506,-68.5145,-33.07,68,40,3.44,scattered clouds,2022-02-06 03:33:25
50,Odessa,UA,46.4775,30.7326,33.73,86,0,11.18,clear sky,2022-02-06 03:33:25
51,Buchanan,LR,5.8808,-10.0467,77.32,87,36,3.04,moderate rain,2022-02-06 03:33:26
52,Atuona,PF,-9.8,-139.0333,78.22,80,42,21.88,light rain,2022-02-06 03:33:26
53,Hobart,AU,-42.8794,147.3294,77.02,43,20,1.01,few clouds,2022-02-06 03:33:26
54,Jamestown,US,42.097,-79.2353,12.72,51,0,5.75,clear sky,2022-02-06 03:32:49
55,Provideniya,RU,64.3833,-173.3,-2.67,78,0,12.41,clear sky,2022-02-06 03:28:36
56,Hambantota,LK,6.1241,81.1185,80.94,74,20,10.36,few clouds,2022-02-06 03:33:27
57,Luau,AO,-10.7073,22.2247,61.38,96,100,2.89,overcast clouds,2022-02-06 03:33:28
58,Orangeburg,US,33.4918,-80.8557,40.51,53,0,6.91,clear sky,2022-02-06 03:33:29
59,Mahebourg,MU,-20.4081,57.7,81.25,83,75,12.66,broken clouds,2022-02-06 03:33:29
60,Nemuro,JP,43.3236,145.575,27.03,64,99,23.29,overcast clouds,2022-02-06 03:33:30
61,Georgetown,MY,5.4112,100.3354,85.93,76,20,5.99,few clouds,2022-02-06 03:33:30
62,Ila,NO,63.4305,10.3705,37.96,63,100,1.01,overcast clouds,2022-02-06 03:33:31
63,Airai,TL,-8.9266,125.4092,73.15,68,64,3.2,broken clouds,2022-02-06 03:33:31
64,Asau,RO,46.4333,26.4,28.4,91,30,7.02,scattered clouds,2022-02-06 03:33:31
65,Tuktoyaktuk,CA,69.4541,-133.0374,-31.0,75,0,9.22,clear sky,2022-02-06 03:33:32
66,Longyearbyen,SJ,78.2186,15.6401,10.24,72,20,20.71,few clouds,2022-02-06 03:33:32
67,Coahuayana,MX,18.7333,-103.6833,69.06,87,4,4.25,clear sky,2022-02-06 03:29:34
68,Sinnamary,GF,5.3833,-52.95,76.69,89,100,8.57,overcast clouds,2022-02-06 03:33:33
69,Torbay,CA,47.6666,-52.7314,42.76,94,100,12.66,moderate rain,2022-02-06 03:33:34
70,Ribeira Grande,PT,38.5167,-28.7,59.58,75,3,12.77,clear sky,2022-02-06 03:33:34
71,Kitgum,UG,3.2783,32.8867,73.31,45,100,3.47,overcast clouds,2022-02-06 03:33:35
72,Launceston,AU,-41.45,147.1667,77.61,40,0,5.01,clear sky,2022-02-06 03:30:28
73,Nanortalik,GL,60.1432,-45.2371,9.81,59,100,13.47,overcast clouds,2022-02-06 03:33:35
74,Bengkulu,ID,-3.8004,102.2655,75.33,91,100,12.15,overcast clouds,2022-02-06 03:33:36
75,Ponta Do Sol,PT,32.6667,-17.1,66.13,52,56,12.95,broken clouds,2022-02-06 03:33:36
76,Nome,US,64.5011,-165.4064,-2.13,65,0,5.75,clear sky,2022-02-06 03:33:37
77,Tateyama,JP,34.9833,139.8667,47.14,36,96,5.03,overcast clouds,2022-02-06 03:33:38
78,Nagato,JP,34.3833,131.2,40.95,52,36,23.09,scattered clouds,2022-02-06 03:33:38
79,Punta Alta,AR,-38.8759,-62.0736,61.18,60,78,14.05,broken clouds,2022-02-06 03:30:11
80,Nyurba,RU,63.2842,118.3319,-4.11,96,100,3.62,overcast clouds,2022-02-06 03:33:39
81,Ojinaga,MX,29.5667,-104.4167,48.42,35,0,3.44,clear sky,2022-02-06 03:33:39
82,Butaritari,KI,3.0707,172.7902,82.8,75,95,17.0,overcast clouds,2022-02-06 03:33:39
83,Port Elizabeth,ZA,-33.918,25.5701,68.09,88,20,14.97,few clouds,2022-02-06 03:33:40
84,Russell,US,32.3502,-85.1999,38.8,79,0,4.97,clear sky,2022-02-06 03:30:21
85,Vila Do Maio,CV,15.1333,-23.2167,70.59,83,0,16.69,clear sky,2022-02-06 03:33:41
86,Kota Belud,MY,6.351,116.4305,87.66,58,62,5.46,broken clouds,2022-02-06 03:33:41
87,Balykshi,KZ,47.0667,51.8667,28.4,80,75,15.66,broken clouds,2022-02-06 03:33:42
88,Pevek,RU,69.7008,170.3133,-26.99,99,28,2.48,scattered clouds,2022-02-06 03:33:42
89,Ambulu,ID,-8.345,113.6058,86.47,66,10,4.43,clear sky,2022-02-06 03:33:42
90,Katsuura,JP,35.1333,140.3,42.91,29,43,7.16,scattered clouds,2022-02-06 03:34:43
91,Ostrovnoy,RU,68.0531,39.5131,14.07,83,100,28.32,overcast clouds,2022-02-06 03:34:43
92,Araouane,ML,18.9048,-3.5265,60.75,13,0,8.32,clear sky,2022-02-06 03:34:44
93,Saint-Prosper,CA,46.2117,-70.4811,-0.31,98,9,3.09,clear sky,2022-02-06 03:34:44
94,Talnakh,RU,69.4865,88.3972,-17.23,99,100,2.28,overcast clouds,2022-02-06 03:34:44
95,Guerrero Negro,MX,27.9769,-114.0611,60.62,57,0,12.33,clear sky,2022-02-06 03:34:45
96,Te Anau,NZ,-45.4167,167.7167,65.8,39,0,5.66,clear sky,2022-02-06 03:32:07
97,Vao,NC,-22.6667,167.4833,80.73,84,30,10.36,scattered clouds,2022-02-06 03:34:46
98,Hobyo,SO,5.3505,48.5268,75.9,70,15,13.27,few clouds,2022-02-06 03:34:46
99,Eureka,US,40.8021,-124.1637,47.93,86,8,1.41,clear sky,2022-02-06 03:34:47
100,Grand-Santi,GF,4.25,-54.3833,72.36,100,100,1.92,overcast clouds,2022-02-06 03:34:47
101,Maxixe,MZ,-23.8597,35.3472,75.83,85,61,14.14,light rain,2022-02-06 03:34:48
102,Narsaq,GL,60.9167,-46.05,1.62,70,100,5.91,overcast clouds,2022-02-06 03:34:48
103,Castro,BR,-24.7911,-50.0119,63.32,98,99,3.85,overcast clouds,2022-02-06 03:34:49
104,Avarua,CK,-21.2078,-159.775,82.45,74,40,14.97,scattered clouds,2022-02-06 03:34:49
105,Chernyshevskiy,RU,63.0128,112.4714,3.76,93,100,1.72,overcast clouds,2022-02-06 03:34:50
106,Bandarbeyla,SO,9.4942,50.8122,74.82,72,8,6.62,clear sky,2022-02-06 03:34:50
107,Port Alfred,ZA,-33.5906,26.891,70.23,88,42,23.8,scattered clouds,2022-02-06 03:34:51
108,Gat,IL,31.61,34.7642,52.39,100,70,6.22,broken clouds,2022-02-06 03:34:51
109,Puerto Carreno,CO,6.189,-67.4859,83.93,54,99,2.39,overcast clouds,2022-02-06 03:34:11
110,Saskylakh,RU,71.9167,114.0833,-28.19,100,98,2.73,overcast clouds,2022-02-06 03:34:52
111,Bluff,NZ,-46.6,168.3333,57.79,58,7,12.3,clear sky,2022-02-06 03:34:52
112,Portland,US,45.5234,-122.6762,46.85,88,0,5.01,clear sky,2022-02-06 03:34:53
113,Fortuna,US,40.5982,-124.1573,47.66,94,0,6.91,clear sky,2022-02-06 03:34:53
114,Malabo,GQ,3.75,8.7833,78.91,83,46,1.16,scattered clouds,2022-02-06 03:34:54
115,Pangnirtung,CA,66.1451,-65.7125,-33.95,93,100,6.17,overcast clouds,2022-02-06 03:34:54
116,Kruisfontein,ZA,-34.0033,24.7314,65.88,95,22,8.12,few clouds,2022-02-06 03:34:55
117,Minot,US,48.2325,-101.2963,34.79,86,100,14.97,mist,2022-02-06 03:34:55
118,Limon,CR,10.0,-83.0333,73.36,79,18,5.28,few clouds,2022-02-06 03:34:56
119,Chokurdakh,RU,70.6333,147.9167,-32.3,100,100,2.51,overcast clouds,2022-02-06 03:34:56
120,Klaksvik,FO,62.2266,-6.589,32.92,74,100,18.28,overcast clouds,2022-02-06 03:34:56
121,Vila Franca Do Campo,PT,37.7167,-25.4333,60.19,86,78,14.63,broken clouds,2022-02-06 03:34:57
122,Zhanaozen,KZ,43.3,52.8,27.7,78,99,10.74,overcast clouds,2022-02-06 03:34:57
123,Seoul,KR,37.5683,126.9778,35.2,30,20,16.11,few clouds,2022-02-06 03:34:58
124,Barrow,US,71.2906,-156.7887,-20.18,69,0,10.36,clear sky,2022-02-06 03:34:58
125,Puerto Ayora,EC,-0.7393,-90.3518,75.54,92,33,4.0,scattered clouds,2022-02-06 03:34:59
126,La Ronge,CA,55.1001,-105.2842,-3.75,71,100,2.3,overcast clouds,2022-02-06 03:30:21
127,Del Rio,US,29.3627,-100.8968,48.31,37,0,10.36,clear sky,2022-02-06 03:32:24
128,Tasiilaq,GL,65.6145,-37.6368,14.16,58,96,6.76,overcast clouds,2022-02-06 03:34:59
129,Kodiak,US,57.79,-152.4072,38.71,87,100,12.66,moderate rain,2022-02-06 03:33:19
130,Banswara,IN,23.55,74.45,68.45,23,3,5.44,clear sky,2022-02-06 03:35:00
131,Dongsheng,CN,39.8161,109.9776,18.1,36,100,4.85,overcast clouds,2022-02-06 03:31:31
132,Itarema,BR,-2.9248,-39.9167,77.25,89,7,8.68,clear sky,2022-02-06 03:35:01
133,Sisimiut,GL,66.9395,-53.6735,0.73,94,100,6.71,light snow,2022-02-06 03:35:02
134,Mar Del Plata,AR,-38.0023,-57.5575,61.88,75,100,5.99,overcast clouds,2022-02-06 03:36:02
135,Codrington,AU,-38.2667,141.9667,76.87,46,46,19.24,scattered clouds,2022-02-06 03:36:03
136,Dingle,PH,10.9995,122.6711,83.3,66,99,19.15,overcast clouds,2022-02-06 03:36:03
137,Copiapo,CL,-27.3667,-70.3333,68.7,58,0,1.66,clear sky,2022-02-06 03:36:04
138,Kosjeric,RS,43.9961,19.9069,31.35,98,75,2.89,broken clouds,2022-02-06 03:36:04
139,Henties Bay,NA,-22.116,14.2845,66.85,78,96,4.56,overcast clouds,2022-02-06 03:36:05
140,Chuy,UY,-33.6971,-53.4616,62.02,93,17,7.85,few clouds,2022-02-06 03:36:05
141,San Policarpo,PH,12.1791,125.5072,82.44,70,92,18.99,overcast clouds,2022-02-06 03:36:05
142,Chara,RU,56.9064,118.2631,-8.48,89,2,1.16,clear sky,2022-02-06 03:36:06
143,Husavik,IS,66.0449,-17.3389,30.11,87,100,20.36,light snow,2022-02-06 03:36:06
144,Bairiki,KI,1.3292,172.9752,87.8,70,20,11.5,few clouds,2022-02-06 03:36:07
145,Metz,FR,49.1191,6.1727,43.84,88,0,19.57,clear sky,2022-02-06 03:36:07
146,Flinders,AU,-34.5833,150.8552,72.05,62,88,16.69,overcast clouds,2022-02-06 03:36:08
147,Naraini,IN,25.1833,80.4833,61.45,43,0,3.51,clear sky,2022-02-06 03:36:08
148,Keetmanshoop,NA,-26.5833,18.1333,74.32,56,50,1.14,scattered clouds,2022-02-06 03:36:09
149,Saint-Augustin,CA,51.226,-58.6502,2.14,83,100,19.24,overcast clouds,2022-02-06 03:36:09
150,Victoria,HK,22.2855,114.1577,65.97,76,99,3.0,overcast clouds,2022-02-06 03:33:19
151,Poum,NC,-20.2333,164.0167,78.85,91,100,13.71,light rain,2022-02-06 03:32:11
152,Lompoc,US,34.6391,-120.4579,57.61,73,0,0.0,clear sky,2022-02-06 03:36:11
153,Veraval,IN,20.9,70.3667,68.52,63,2,5.93,clear sky,2022-02-06 03:36:11
154,Kavieng,PG,-2.5744,150.7967,83.64,74,100,8.43,light rain,2022-02-06 03:36:12
155,Sioux Lookout,CA,50.1001,-91.917,7.18,85,100,6.91,overcast clouds,2022-02-06 03:36:12
156,Goldap,PL,54.3063,22.3036,32.81,90,100,14.38,overcast clouds,2022-02-06 03:36:12
157,Srednekolymsk,RU,67.45,153.6833,-27.94,96,18,0.72,few clouds,2022-02-06 03:34:44
158,Matara,LK,5.9485,80.5353,81.81,63,43,7.9,scattered clouds,2022-02-06 03:36:13
159,Port Hardy,CA,50.6996,-127.4199,44.78,81,100,9.22,overcast clouds,2022-02-06 03:36:14
160,Iskateley,RU,67.6803,53.1512,3.67,92,100,12.48,overcast clouds,2022-02-06 03:36:14
161,Karasuk,RU,53.7377,78.0403,5.94,83,50,8.28,scattered clouds,2022-02-06 03:36:15
162,Busselton,AU,-33.65,115.3333,75.04,62,86,11.86,overcast clouds,2022-02-06 03:36:15
163,Mufumbwe,ZM,-13.6833,24.8,63.16,99,100,2.33,moderate rain,2022-02-06 03:36:16
164,Manzanillo,CU,20.3433,-77.1167,70.32,84,6,7.61,clear sky,2022-02-06 03:36:16
165,Mecca,SA,21.4267,39.8261,60.51,40,0,4.05,clear sky,2022-02-06 03:33:04
166,Sulangan,PH,11.1373,123.7228,80.87,73,99,14.92,overcast clouds,2022-02-06 03:36:17
167,Lavrentiya,RU,65.5833,-171.0,-16.83,95,27,11.01,scattered clouds,2022-02-06 03:36:17
168,Huron,US,41.1501,-82.5499,15.98,84,13,7.87,few clouds,2022-02-06 03:36:18
169,Mombaca,BR,-5.7431,-39.6275,72.27,84,100,3.0,overcast clouds,2022-02-06 03:36:18
170,Aldan,RU,58.6031,125.3894,0.18,86,87,2.37,overcast clouds,2022-02-06 03:36:18
171,Kununurra,AU,-15.7667,128.7333,84.18,79,75,11.5,broken clouds,2022-02-06 03:36:19
172,Arraial Do Cabo,BR,-22.9661,-42.0278,76.1,88,77,25.39,broken clouds,2022-02-06 03:36:19
173,Lodwar,KE,3.1191,35.5973,81.72,36,100,5.37,overcast clouds,2022-02-06 03:36:20
174,Saldanha,ZA,-33.0117,17.9442,60.85,76,64,6.15,broken clouds,2022-02-06 03:36:20
175,Yumen,CN,40.2833,97.2,17.26,60,100,18.97,overcast clouds,2022-02-06 03:36:21
176,Butembo,CD,0.15,29.2833,58.69,74,100,2.19,overcast clouds,2022-02-06 03:33:37
177,Wanning,CN,18.8003,110.3967,71.08,75,96,10.78,overcast clouds,2022-02-06 03:36:22
178,Akyab,MM,20.15,92.9,73.02,55,100,8.25,overcast clouds,2022-02-06 03:36:22
179,Fredericksburg,US,38.3032,-77.4605,28.62,58,0,1.99,clear sky,2022-02-06 03:33:29
180,Walla Walla,US,46.0646,-118.343,45.86,80,0,3.0,clear sky,2022-02-06 03:35:52
181,Piriyapatna,IN,12.3397,76.0992,70.52,60,47,6.67,scattered clouds,2022-02-06 03:37:23
182,Krasnovishersk,RU,60.4078,57.082,-3.06,99,47,3.53,scattered clouds,2022-02-06 03:37:24
183,Lufilufi,WS,-13.8745,-171.5986,80.38,78,95,13.29,light rain,2022-02-06 03:37:24
184,Jardim,BR,-21.4803,-56.1381,71.92,97,100,2.59,moderate rain,2022-02-06 03:37:24
185,Asyut,EG,27.181,31.1837,42.98,68,0,5.95,clear sky,2022-02-06 03:37:25
186,Hithadhoo,MV,-0.6,73.0833,81.99,73,6,9.24,clear sky,2022-02-06 03:37:25
187,Port Lincoln,AU,-34.7333,135.8667,78.98,45,6,19.19,clear sky,2022-02-06 03:37:26
188,Jumla,NP,29.2747,82.1838,45.54,24,0,2.71,clear sky,2022-02-06 03:37:26
189,Comodoro Rivadavia,AR,-45.8667,-67.5,62.46,63,0,4.61,clear sky,2022-02-06 03:37:27
190,Dikson,RU,73.5069,80.5464,-21.98,100,99,4.54,overcast clouds,2022-02-06 03:37:27
191,Kudahuvadhoo,MV,2.6708,72.8944,81.37,69,6,7.72,clear sky,2022-02-06 03:37:28
192,Ler,SS,8.3018,30.1418,68.14,18,18,8.68,few clouds,2022-02-06 03:37:28
193,Magaria,NE,12.9983,8.9099,57.11,23,0,9.89,clear sky,2022-02-06 03:37:29
194,Rawson,AR,-43.3002,-65.1023,59.77,57,75,11.05,broken clouds,2022-02-06 03:37:29
195,Pervomayskiy,RU,53.2485,40.2871,3.13,100,100,7.52,snow,2022-02-06 03:37:29
196,Tevaitoa,PF,-16.7833,-151.5,80.98,74,16,19.91,moderate rain,2022-02-06 03:37:30
197,Uhlirske Janovice,CZ,49.8802,15.0648,38.93,73,100,17.05,light rain,2022-02-06 03:37:30
198,Chicama,PE,-7.8447,-79.1469,66.74,80,58,4.94,broken clouds,2022-02-06 03:37:31
199,Iwaki,JP,37.05,140.8833,41.05,34,43,17.0,scattered clouds,2022-02-06 03:37:31
200,Carthage,TN,36.8611,10.3316,53.46,82,40,5.75,scattered clouds,2022-02-06 03:36:10
201,Auki,SB,-8.7676,160.7034,84.7,73,67,8.9,broken clouds,2022-02-06 03:37:32
202,Ancud,CL,-41.8697,-73.8203,55.42,88,85,2.89,overcast clouds,2022-02-06 03:37:33
203,Sao Joao Batista,BR,-27.2761,-48.8494,77.11,98,98,2.26,overcast clouds,2022-02-06 03:37:33
204,Port Blair,IN,11.6667,92.75,84.24,74,40,5.75,scattered clouds,2022-02-06 03:37:33
205,Kezmarok,SK,49.1357,20.4335,32.27,75,20,18.41,few clouds,2022-02-06 03:37:34
206,Shelburne,CA,44.0787,-80.2041,12.09,78,91,10.4,overcast clouds,2022-02-06 03:33:21
207,Marsh Harbour,BS,26.5412,-77.0636,73.04,69,42,10.02,scattered clouds,2022-02-06 03:35:32
208,Malinyi,TZ,-8.9333,36.1333,71.29,87,100,1.39,overcast clouds,2022-02-06 03:37:35
209,Massakory,TD,12.996,15.7293,61.43,19,0,13.27,clear sky,2022-02-06 03:37:35
210,Urumqi,CN,43.801,87.6005,-3.05,85,8,2.24,mist,2022-02-06 03:37:36
211,Berlevag,NO,70.8578,29.0864,24.33,83,57,26.19,broken clouds,2022-02-06 03:37:36
212,Thompson,CA,55.7435,-97.8558,-27.24,68,40,0.0,scattered clouds,2022-02-06 03:37:30
213,Cedar City,US,37.6775,-113.0619,29.17,43,0,8.05,clear sky,2022-02-06 03:33:50
214,Haines Junction,CA,60.7522,-137.5108,26.55,86,100,2.3,overcast clouds,2022-02-06 03:37:37
215,Villa Carlos Paz,AR,-31.4241,-64.4978,60.08,41,27,5.01,scattered clouds,2022-02-06 03:37:37
216,Norman Wells,CA,65.282,-126.8329,-21.96,69,20,3.44,few clouds,2022-02-06 03:35:41
217,Katangli,RU,51.7102,143.2326,9.3,81,100,18.68,overcast clouds,2022-02-06 03:37:38
218,Tazovskiy,RU,67.4667,78.7,-20.76,100,78,5.48,broken clouds,2022-02-06 03:37:38
219,Kaitangata,NZ,-46.2817,169.8464,54.93,60,34,7.54,scattered clouds,2022-02-06 03:37:39
220,Buraydah,SA,26.326,43.975,43.25,55,0,5.79,clear sky,2022-02-06 03:37:39
221,Kirakira,SB,-10.4544,161.9205,85.12,74,94,8.12,overcast clouds,2022-02-06 03:37:40
222,Quelimane,MZ,-17.8786,36.8883,75.15,94,75,8.05,broken clouds,2022-02-06 03:37:40
223,Dunedin,NZ,-45.8742,170.5036,57.79,61,76,8.01,broken clouds,2022-02-06 03:34:44
224,Qaqortoq,GL,60.7167,-46.0333,1.9,71,100,4.99,overcast clouds,2022-02-06 03:37:41
225,Khatanga,RU,71.9667,102.5,-21.26,98,99,6.67,overcast clouds,2022-02-06 03:37:41
226,Faya,SA,18.3851,42.4509,48.72,74,0,3.44,clear sky,2022-02-06 03:37:30
227,Urengoy,RU,65.9667,78.3667,-22.95,100,97,4.47,overcast clouds,2022-02-06 03:38:42
228,Cherskiy,RU,68.75,161.3,-29.67,99,24,1.95,few clouds,2022-02-06 03:38:42
229,Santa Elena,EC,-2.2333,-80.85,75.52,80,95,8.1,overcast clouds,2022-02-06 03:38:43
230,Taperoa,BR,-7.2075,-36.8267,71.71,77,89,8.05,overcast clouds,2022-02-06 03:38:43
231,Ciudad Bolivar,VE,8.1222,-63.5497,79.5,67,85,13.82,overcast clouds,2022-02-06 03:38:44
232,Bukachacha,RU,52.9833,116.9167,9.66,67,6,2.33,clear sky,2022-02-06 03:38:44
233,Stepnyak,KZ,52.8339,70.7803,3.61,71,61,6.62,broken clouds,2022-02-06 03:38:45
234,Warangal,IN,18.0,79.5833,73.15,22,39,4.36,scattered clouds,2022-02-06 03:38:45
235,Rio Gallegos,AR,-51.6226,-69.2181,57.25,72,0,3.44,clear sky,2022-02-06 03:38:46
236,Jalu,LY,29.0331,21.5482,52.97,52,0,7.45,clear sky,2022-02-06 03:38:46
237,Monrovia,LR,6.3005,-10.7969,78.13,84,10,3.31,light rain,2022-02-06 03:38:47
238,Melur,IN,10.05,78.3333,82.22,66,72,8.55,broken clouds,2022-02-06 03:38:47
239,Caravelas,BR,-17.7125,-39.2481,74.55,92,13,4.12,few clouds,2022-02-06 03:38:48
240,Roald,NO,62.5833,6.1333,37.99,87,96,28.77,snow,2022-02-06 03:38:49
241,Homer,US,59.6425,-151.5483,35.49,80,100,4.61,overcast clouds,2022-02-06 03:38:49
242,Indi,IN,17.1667,75.9667,74.98,27,29,12.19,scattered clouds,2022-02-06 03:38:49
243,Riesa,DE,51.3,13.3,43.12,85,100,24.34,light rain,2022-02-06 03:38:50
244,Najran,SA,17.4924,44.1277,56.05,58,0,4.85,clear sky,2022-02-06 03:38:50
245,East London,ZA,-33.0153,27.9116,67.14,94,0,5.75,clear sky,2022-02-06 03:38:51
246,Acapulco,MX,16.8634,-99.8901,80.42,78,0,10.36,clear sky,2022-02-06 03:38:03
247,Beihai,CN,21.4833,109.1,64.13,71,100,17.52,overcast clouds,2022-02-06 03:38:52
248,Inhambane,MZ,-23.865,35.3833,76.6,84,59,16.02,light rain,2022-02-06 03:38:52
249,Canutama,BR,-6.5339,-64.3831,71.01,95,100,2.08,overcast clouds,2022-02-06 03:38:53
250,Mandalgovi,MN,45.7625,106.2708,12.07,47,3,7.74,clear sky,2022-02-06 03:38:53
251,Oistins,BB,13.0667,-59.5333,77.09,73,40,11.5,scattered clouds,2022-02-06 03:38:54
252,Kondoa,TZ,-4.9,35.7833,60.46,89,100,1.54,overcast clouds,2022-02-06 03:38:54
253,Manakara,MG,-22.1333,48.0167,79.45,88,100,29.95,moderate rain,2022-02-06 03:38:55
254,Abonnema,NG,4.7084,6.7931,76.03,88,3,2.46,clear sky,2022-02-06 03:38:55
255,Isangel,VU,-19.55,169.2667,87.91,84,75,13.8,broken clouds,2022-02-06 03:34:09
256,Playa Vicente,MX,17.8333,-95.8167,54.43,81,37,4.65,scattered clouds,2022-02-06 03:38:56
257,Pathein,MM,16.7833,94.7333,85.08,42,67,10.22,broken clouds,2022-02-06 03:38:57
258,Black River,JM,18.0264,-77.8487,75.2,70,6,5.77,clear sky,2022-02-06 03:38:57
259,Ulladulla,AU,-35.35,150.4667,71.87,60,47,13.6,scattered clouds,2022-02-06 03:38:58
260,Villa Bruzual,VE,9.3328,-69.1208,77.47,61,96,7.43,overcast clouds,2022-02-06 03:38:58
261,Emerald,AU,-23.5333,148.1667,87.94,30,40,12.66,scattered clouds,2022-02-06 03:35:36
262,Cape Town,ZA,-33.9258,18.4232,71.11,73,0,1.01,clear sky,2022-02-06 03:38:59
263,Shirokiy,RU,49.758,129.523,1.22,83,67,6.35,broken clouds,2022-02-06 03:38:59
264,Puerto Narino,CO,-3.7703,-70.3831,75.15,97,100,2.66,overcast clouds,2022-02-06 03:39:00
265,Hilo,US,19.7297,-155.09,76.73,76,20,6.91,few clouds,2022-02-06 03:35:26
266,Upernavik,GL,72.7868,-56.1549,-1.59,98,100,3.67,overcast clouds,2022-02-06 03:39:00
267,Esmeraldas,BR,-19.7625,-44.3139,70.11,96,100,1.99,overcast clouds,2022-02-06 03:39:01
268,Cabo San Lucas,MX,22.8909,-109.9124,66.51,56,0,3.0,clear sky,2022-02-06 03:39:01
269,Erding,DE,48.306,11.9069,36.81,81,0,8.05,clear sky,2022-02-06 03:39:02
270,San Juan De Los Lagos,MX,21.25,-102.3,63.7,38,10,3.6,clear sky,2022-02-06 03:39:03
271,Huarmey,PE,-10.0681,-78.1522,70.48,84,84,8.12,broken clouds,2022-02-06 03:39:03
272,Margate,GB,51.3813,1.3862,50.31,78,100,8.99,overcast clouds,2022-02-06 03:39:04
273,Ergani,TR,38.2653,39.7621,25.52,83,50,6.08,scattered clouds,2022-02-06 03:40:04
274,Tuatapere,NZ,-46.1333,167.6833,57.81,48,25,7.99,scattered clouds,2022-02-06 03:40:04
275,Dukstas,LT,55.5333,26.3333,32.02,97,100,11.5,light snow,2022-02-06 03:40:05
276,Cairns,AU,-16.9167,145.7667,88.29,74,75,8.05,broken clouds,2022-02-06 03:40:05
277,Morro Bay,US,35.3658,-120.8499,57.76,61,50,8.41,scattered clouds,2022-02-06 03:39:46
278,Tual,ID,-5.6667,132.75,83.53,73,87,8.52,overcast clouds,2022-02-06 03:40:06
279,Traverse City,US,44.7631,-85.6206,23.74,68,99,5.99,overcast clouds,2022-02-06 03:39:07
280,Lata,PT,40.1629,-8.3327,48.06,70,0,5.53,clear sky,2022-02-06 03:40:07
281,Buala,SB,-8.145,159.5921,86.27,71,90,8.97,light rain,2022-02-06 03:40:07
282,Tiksi,RU,71.6872,128.8694,-22.77,98,99,5.7,overcast clouds,2022-02-06 03:40:08
283,Lazaro Cardenas,MX,17.9583,-102.2,72.81,78,0,4.03,clear sky,2022-02-06 03:40:08
284,Roma,US,43.2128,-75.4557,1.26,80,0,0.0,clear sky,2022-02-06 03:40:09
285,Ekhabi,RU,53.5102,142.9671,3.13,88,100,20.54,overcast clouds,2022-02-06 03:40:09
286,Grand Forks,US,47.9417,-97.4337,8.53,85,100,10.36,overcast clouds,2022-02-06 03:40:10
287,Constitucion,CL,-35.3333,-72.4167,61.88,64,0,8.21,clear sky,2022-02-06 03:40:10
288,Viedma,AR,-40.8135,-62.9967,54.79,68,0,6.2,clear sky,2022-02-06 03:37:47
289,Port Augusta,AU,-32.5,137.7667,92.71,16,95,10.56,overcast clouds,2022-02-06 03:40:11
290,Lexington,US,37.9887,-84.4777,21.34,86,0,0.0,clear sky,2022-02-06 03:38:18
291,Palmer,US,42.1584,-72.3287,17.15,95,7,1.81,clear sky,2022-02-06 03:35:15
292,Vikulovo,RU,56.8167,70.6107,8.04,84,100,6.4,overcast clouds,2022-02-06 03:40:12
293,Makinsk,KZ,52.6292,70.4169,1.81,76,48,4.94,scattered clouds,2022-02-06 03:40:12
294,Tantoyuca,MX,21.35,-98.2333,44.37,66,2,2.89,clear sky,2022-02-06 03:40:12
295,Leninskoye,KZ,41.7589,69.3864,47.98,68,100,8.28,light rain,2022-02-06 03:40:13
296,Winslow,US,35.0242,-110.6974,30.31,28,0,6.91,clear sky,2022-02-06 03:40:13
297,Karratha,AU,-20.7377,116.8463,93.36,50,49,16.37,scattered clouds,2022-02-06 03:40:14
298,Yazman,PK,29.1212,71.7446,62.4,31,0,11.43,clear sky,2022-02-06 03:40:14
299,Qasigiannguit,GL,68.8193,-51.1922,3.45,77,100,6.93,overcast clouds,2022-02-06 03:40:15
300,Pafos,CY,34.7667,32.4167,49.78,76,20,6.91,few clouds,2022-02-06 03:40:15
301,Concordia,AR,-31.393,-58.0209,66.78,74,0,4.0,clear sky,2022-02-06 03:40:16
302,Riviere-Au-Renard,CA,48.9957,-64.3971,5.0,81,56,19.08,broken clouds,2022-02-06 03:40:16
303,Pacifica,US,37.6138,-122.4869,57.16,63,0,1.01,clear sky,2022-02-06 03:40:17
304,Surt,LY,31.2089,16.5887,59.23,38,77,7.83,broken clouds,2022-02-06 03:40:17
305,Sao Filipe,CV,14.8961,-24.4956,72.45,73,0,7.45,clear sky,2022-02-06 03:40:17
306,Saint-Ambroise,CA,48.5501,-71.3324,-2.6,55,41,9.22,scattered clouds,2022-02-06 03:40:18
307,Riyadh,SA,24.6877,46.7219,46.54,39,0,8.28,clear sky,2022-02-06 03:35:53
308,Saint Anthony,US,45.0205,-93.218,26.44,75,0,0.0,clear sky,2022-02-06 03:40:19
309,Madras,IN,13.0878,80.2785,84.18,77,40,3.0,mist,2022-02-06 03:40:19
310,Hay River,CA,60.8156,-115.7999,-11.24,84,40,4.61,scattered clouds,2022-02-06 03:40:20
311,Chenghai,CN,23.4632,116.768,60.71,63,20,6.71,few clouds,2022-02-06 03:40:20
312,Port Hedland,AU,-20.3167,118.5667,91.45,66,73,13.8,broken clouds,2022-02-06 03:40:21
313,Tanout,NE,14.9709,8.8879,54.72,18,0,13.44,clear sky,2022-02-06 03:40:21
314,Erdenet,MN,49.0333,104.0833,7.0,74,20,4.59,few clouds,2022-02-06 03:40:21
315,Maniitsoq,GL,65.4167,-52.9,3.61,94,100,4.72,snow,2022-02-06 03:40:22
316,Joao Pinheiro,BR,-17.7425,-46.1725,67.5,95,100,2.89,moderate rain,2022-02-06 03:40:22
317,Gazojak,TM,41.1875,61.4036,38.95,78,100,20.94,overcast clouds,2022-02-06 03:40:23
318,Nuuk,GL,64.1835,-51.7216,7.41,85,100,6.91,light snow,2022-02-06 03:40:23
319,Bonthe,SL,7.5264,-12.505,74.7,87,32,0.96,scattered clouds,2022-02-06 03:40:24
320,Santa Cruz,BO,-17.8,-63.1667,69.26,100,100,10.36,light rain,2022-02-06 03:38:14
321,Namibe,AO,-15.1961,12.1522,71.56,68,92,8.05,overcast clouds,2022-02-06 03:41:24
322,Marawi,PH,7.9986,124.2928,74.64,53,54,7.76,broken clouds,2022-02-06 03:41:25
323,Umba,RU,66.6871,34.3429,17.37,95,100,15.55,snow,2022-02-06 03:41:25
324,Urucui,BR,-7.2294,-44.5561,74.05,91,3,2.8,clear sky,2022-02-06 03:41:26
325,Deputatskiy,RU,69.3,139.9,-28.7,97,97,3.24,overcast clouds,2022-02-06 03:41:27
326,Shingu,JP,33.7333,135.9833,41.99,46,83,14.92,broken clouds,2022-02-06 03:41:27
327,Faanui,PF,-16.4833,-151.75,80.31,76,20,18.07,moderate rain,2022-02-06 03:41:27
328,Pandan,PH,14.0453,124.1694,81.93,68,49,16.06,scattered clouds,2022-02-06 03:41:28
329,Los Llanos De Aridane,ES,28.6585,-17.9182,65.12,25,0,11.01,clear sky,2022-02-06 03:41:28
330,Dharchula,IN,29.85,80.5333,54.82,30,0,2.35,clear sky,2022-02-06 03:41:29
331,Taltal,CL,-25.4,-70.4833,67.05,79,15,2.28,few clouds,2022-02-06 03:41:29
332,Hasaki,JP,35.7333,140.8333,46.29,27,1,15.21,clear sky,2022-02-06 03:41:30
333,Opelousas,US,30.5335,-92.0815,39.09,64,0,0.0,clear sky,2022-02-06 03:41:30
334,Tsumeb,NA,-19.2333,17.7167,65.75,88,100,4.21,light rain,2022-02-06 03:41:31
335,Preobrazheniye,RU,42.9019,133.9064,17.37,39,2,5.61,clear sky,2022-02-06 03:41:31
336,Noumea,NC,-22.2763,166.4572,89.58,81,58,9.06,moderate rain,2022-02-06 03:39:27
337,Severobaykalsk,RU,55.65,109.3167,7.7,91,100,0.85,light snow,2022-02-06 03:41:32
338,Bartica,GY,6.4,-58.6167,75.52,98,100,1.48,overcast clouds,2022-02-06 03:41:32
339,Chunoyar,RU,57.4467,97.3217,19.06,93,100,7.25,overcast clouds,2022-02-06 03:41:33
340,Victor Harbor,AU,-35.5667,138.6167,91.47,48,76,1.01,broken clouds,2022-02-06 03:41:34
341,Saint George,US,37.1041,-113.5841,48.34,29,0,1.99,clear sky,2022-02-06 03:38:04
342,Manasa,IN,24.4837,75.2687,64.26,34,0,7.27,clear sky,2022-02-06 03:41:34
343,The Pas,CA,53.8251,-101.2541,-3.98,77,100,2.3,overcast clouds,2022-02-06 03:41:35
344,Mount Gambier,AU,-37.8333,140.7667,85.91,20,40,13.8,scattered clouds,2022-02-06 03:41:35
345,Hirara,JP,24.8,125.2833,64.67,55,75,18.41,broken clouds,2022-02-06 03:41:35
346,Kolvereid,NO,64.8655,11.6047,28.89,88,100,11.48,light snow,2022-02-06 03:41:36
347,Santiago Del Estero,AR,-27.7951,-64.2615,70.39,53,100,10.87,overcast clouds,2022-02-06 03:41:32
348,Aguachica,CO,8.3084,-73.6166,75.96,73,29,6.24,scattered clouds,2022-02-06 03:41:37
349,Mwanza,TZ,-2.5167,32.9,65.66,82,97,2.64,overcast clouds,2022-02-06 03:41:37
350,Kimbe,PG,-5.5502,150.1429,86.5,69,70,8.41,light rain,2022-02-06 03:41:37
351,Scottsbluff,US,41.8666,-103.6672,36.28,60,0,8.01,clear sky,2022-02-06 03:39:19
352,Santa Maria,BR,-29.6842,-53.8069,72.7,78,0,6.91,clear sky,2022-02-06 03:41:38
353,Khipro,PK,25.8285,69.3772,66.52,66,0,10.76,clear sky,2022-02-06 03:41:39
354,Nueve De Julio,AR,-35.4444,-60.8831,56.71,90,75,7.18,broken clouds,2022-02-06 03:37:54
355,Prince George,CA,53.9166,-122.753,40.44,69,100,12.66,overcast clouds,2022-02-06 03:41:00
356,Kungurtug,RU,50.5994,97.5228,1.98,81,52,0.96,broken clouds,2022-02-06 03:41:39
357,Virar,IN,19.4667,72.8,73.49,42,15,5.59,few clouds,2022-02-06 03:41:40
358,Medford,US,42.3265,-122.8756,46.13,69,0,5.75,clear sky,2022-02-06 03:38:44
359,Turukhansk,RU,65.8167,87.9833,-13.05,99,99,1.1,overcast clouds,2022-02-06 03:41:40
360,Yulara,AU,-25.2406,130.9889,87.64,18,0,6.91,clear sky,2022-02-06 03:41:41
361,Bangassou,CF,4.7413,22.8184,65.98,30,100,3.62,overcast clouds,2022-02-06 03:41:41
362,Yerbogachen,RU,61.2767,108.0108,13.53,92,100,4.07,overcast clouds,2022-02-06 03:41:42
363,Imeni Poliny Osipenko,RU,52.4201,136.4853,8.19,83,100,7.96,overcast clouds,2022-02-06 03:41:42
364,Yamada,JP,39.4667,141.95,34.43,39,68,11.05,broken clouds,2022-02-06 03:41:43
365,Nishihara,JP,26.1842,127.7558,62.65,53,40,10.36,scattered clouds,2022-02-06 03:42:43
366,Geraldton,AU,-28.7667,114.6,81.01,61,75,17.29,broken clouds,2022-02-06 03:42:44
367,Bouca,CF,6.5105,18.2733,65.73,27,80,4.23,broken clouds,2022-02-06 03:42:44
368,Terney,RU,45.0503,136.6092,14.52,56,17,11.88,few clouds,2022-02-06 03:42:45
369,Mbuji-Mayi,CD,-6.15,23.6,67.05,97,92,1.68,light rain,2022-02-06 03:42:45
370,Opuwo,NA,-18.0607,13.84,62.91,57,97,1.3,overcast clouds,2022-02-06 03:42:46
371,Xichang,CN,27.8964,102.2634,44.28,96,100,2.21,overcast clouds,2022-02-06 03:42:47
372,Hovd,MN,48.0056,91.6419,-6.18,73,10,1.79,clear sky,2022-02-06 03:42:47
373,Bathsheba,BB,13.2167,-59.5167,77.61,73,40,11.5,scattered clouds,2022-02-06 03:42:47
374,Jacareacanga,BR,-6.2222,-57.7528,73.22,99,100,0.78,overcast clouds,2022-02-06 03:42:48
375,Biak,ID,-0.9131,122.8766,83.46,71,76,1.77,broken clouds,2022-02-06 03:42:48
376,Praia Da Vitoria,PT,38.7333,-27.0667,57.45,94,75,15.03,broken clouds,2022-02-06 03:42:49
377,Harper,LR,4.375,-7.7169,77.45,88,34,4.88,moderate rain,2022-02-06 03:42:49
378,Aitape,PG,-3.1374,142.3475,84.87,71,100,9.86,overcast clouds,2022-02-06 03:42:50
379,Luderitz,NA,-26.6481,15.1594,66.11,82,87,4.99,overcast clouds,2022-02-06 03:42:50
380,Paamiut,GL,61.994,-49.6678,-0.94,85,100,8.21,overcast clouds,2022-02-06 03:42:51
381,Banda Aceh,ID,5.5577,95.3222,84.0,63,94,4.27,overcast clouds,2022-02-06 03:42:51
382,Multai,IN,21.7667,78.25,67.21,21,10,4.09,clear sky,2022-02-06 03:42:52
383,Bani Walid,LY,31.7566,13.9942,55.83,34,100,2.3,overcast clouds,2022-02-06 03:42:53
384,Franklin,US,39.9667,-83.0166,16.43,91,0,5.75,mist,2022-02-06 03:41:35
385,South River,US,40.4465,-74.386,22.91,52,1,1.99,clear sky,2022-02-06 03:42:53
386,Acajutla,SV,13.5928,-89.8275,78.8,58,1,7.96,clear sky,2022-02-06 03:42:54
387,Quatre Cocos,MU,-20.2078,57.7625,81.09,79,100,14.14,overcast clouds,2022-02-06 03:42:54
388,Gweru,ZW,-19.45,29.8167,59.32,92,95,12.24,light rain,2022-02-06 03:42:54
389,Kerrobert,CA,51.9168,-109.1348,32.2,97,75,7.43,broken clouds,2022-02-06 03:42:55
390,Tay Ninh,VN,11.3,106.1,87.15,42,19,6.35,few clouds,2022-02-06 03:42:55
391,Irbeyskoye,RU,55.6428,95.4522,23.2,77,100,6.15,overcast clouds,2022-02-06 03:42:56
392,Westport,US,41.1415,-73.3579,21.79,54,0,7.0,clear sky,2022-02-06 03:42:56
393,Matagami,CA,49.7502,-77.6328,-21.89,69,0,2.3,clear sky,2022-02-06 03:42:57
394,Bahia Honda,CU,22.9036,-83.1592,71.76,85,71,8.28,broken clouds,2022-02-06 03:42:57
395,Joue-Les-Tours,FR,47.3522,0.6691,43.14,90,0,18.99,clear sky,2022-02-06 03:42:57
396,Hami,CN,42.8,93.45,30.56,23,100,11.32,overcast clouds,2022-02-06 03:42:58
397,Mikhaylovka,RU,50.06,43.2379,-0.96,99,63,3.51,broken clouds,2022-02-06 03:42:58
398,Esperance,AU,-33.8667,121.9,96.64,33,11,9.64,few clouds,2022-02-06 03:42:59
399,Cockburn Town,TC,21.4612,-71.1419,76.08,67,0,17.54,clear sky,2022-02-06 03:42:55
400,Milkovo,RU,54.7167,158.6167,20.52,89,100,11.7,overcast clouds,2022-02-06 03:42:59
401,Kysyl-Syr,RU,63.8986,122.7617,-12.39,98,94,2.93,overcast clouds,2022-02-06 03:43:00
402,Pitkyaranta,RU,61.5734,31.4792,21.13,95,100,11.92,light snow,2022-02-06 03:43:00
403,Lorengau,PG,-2.0226,147.2712,83.79,72,100,9.31,overcast clouds,2022-02-06 03:43:01
404,Alofi,NU,-19.0595,-169.9187,71.49,100,100,4.61,overcast clouds,2022-02-06 03:43:01
405,Niono,ML,14.2526,-5.993,65.1,13,0,9.98,clear sky,2022-02-06 03:43:01
406,Zhezkazgan,KZ,47.8043,67.7144,8.58,72,100,17.9,overcast clouds,2022-02-06 03:43:02
407,Kongolo,CD,-5.3833,27.0,67.78,97,94,1.77,overcast clouds,2022-02-06 03:43:02
408,Kot Samaba,PK,28.5522,70.4684,61.38,34,0,13.44,clear sky,2022-02-06 03:44:03
409,Nouadhibou,MR,20.931,-17.0347,64.38,94,20,13.8,few clouds,2022-02-06 03:44:03
410,Alenquer,BR,-1.9417,-54.7383,75.54,96,100,3.36,overcast clouds,2022-02-06 03:44:04
411,Marzuq,YE,14.4,46.4667,64.0,34,39,2.91,scattered clouds,2022-02-06 03:44:04
412,San Quintin,MX,30.4833,-115.95,56.34,46,0,4.59,clear sky,2022-02-06 03:44:05
413,San Ramon,US,37.7799,-121.978,55.85,66,0,3.44,clear sky,2022-02-06 03:43:25
414,Batken,KG,39.8333,71.0,28.71,69,100,7.23,light snow,2022-02-06 03:44:05
415,Wenling,CN,28.3669,121.36,46.9,60,86,12.5,light rain,2022-02-06 03:44:06
416,Labytnangi,RU,66.6572,66.4183,-20.38,100,49,1.41,scattered clouds,2022-02-06 03:44:06
417,Maturin,VE,9.75,-63.1767,71.04,91,79,5.84,broken clouds,2022-02-06 03:44:07
418,Hofn,IS,64.2539,-15.2082,31.46,69,100,19.8,overcast clouds,2022-02-06 03:44:07
419,Okakarara,NA,-20.5833,17.4333,64.6,91,99,5.17,light rain,2022-02-06 03:44:08
420,Shangqiu,CN,34.45,115.65,40.35,22,100,6.2,overcast clouds,2022-02-06 03:44:08
421,Yarim,YE,14.298,44.3779,51.01,53,40,4.74,scattered clouds,2022-02-06 03:44:08
422,Lerwick,GB,60.1545,-1.1494,39.2,56,89,31.23,overcast clouds,2022-02-06 03:44:09
423,Tonneins,FR,44.3921,0.3124,38.82,93,9,4.52,clear sky,2022-02-06 03:44:09
424,Koratla,IN,18.8167,78.7167,73.29,21,11,5.44,few clouds,2022-02-06 03:44:10
425,Lethem,GY,3.3803,-59.7968,76.41,82,100,9.48,overcast clouds,2022-02-06 03:44:10
426,Bethel,US,41.3712,-73.414,20.05,64,0,6.91,clear sky,2022-02-06 03:44:11
427,Fort Nelson,CA,58.8053,-122.7002,17.65,97,100,2.3,overcast clouds,2022-02-06 03:44:11
428,Debica,PL,50.0515,21.4114,34.95,70,100,11.99,overcast clouds,2022-02-06 03:44:11
429,Labuhan,ID,-6.8844,112.2051,84.02,74,83,12.01,broken clouds,2022-02-06 03:44:12
430,Aksarka,RU,66.5606,67.7975,-21.91,100,73,3.6,broken clouds,2022-02-06 03:44:12
431,Kalmunai,LK,7.4167,81.8167,80.67,61,98,8.01,overcast clouds,2022-02-06 03:44:13
432,Ahipara,NZ,-35.1667,173.1667,73.51,91,100,3.42,light rain,2022-02-06 03:44:13
433,Lagoa,PT,39.05,-27.9833,58.62,76,3,15.82,clear sky,2022-02-06 03:44:14
434,Vardo,NO,70.3705,31.1107,26.98,79,100,28.3,overcast clouds,2022-02-06 03:44:14
435,Namatanai,PG,-3.6667,152.4333,86.34,63,55,11.48,broken clouds,2022-02-06 03:44:15
436,Alice Springs,AU,-23.7,133.8833,83.75,28,0,5.75,clear sky,2022-02-06 03:40:09
437,Ayorou,NE,14.7308,0.9174,61.34,17,1,9.89,clear sky,2022-02-06 03:44:15
438,Seymchan,RU,62.8833,152.4333,-26.97,93,54,1.25,broken clouds,2022-02-06 03:44:16
439,Saint-Georges,GD,12.0564,-61.7485,76.68,83,20,13.8,few clouds,2022-02-06 03:44:16
440,Mortka,RU,59.3322,66.0214,11.86,98,100,3.31,overcast clouds,2022-02-06 03:44:17
441,Santiago,CL,-33.4569,-70.6483,74.86,43,0,5.75,clear sky,2022-02-06 03:40:51
442,Yerofey Pavlovich,RU,53.9667,121.9667,12.83,55,26,4.09,scattered clouds,2022-02-06 03:44:17
443,Derzhavinsk,KZ,51.1,66.3167,11.57,73,100,15.88,overcast clouds,2022-02-06 03:44:18
444,Porto Empedocle,IT,37.2934,13.5264,50.9,79,100,5.73,overcast clouds,2022-02-06 03:44:18
445,Pitimbu,BR,-7.4706,-34.8086,77.59,74,66,7.83,broken clouds,2022-02-06 03:44:18
446,Kuvshinovo,RU,57.0295,34.1725,17.4,96,100,4.52,light snow,2022-02-06 03:44:19
447,Troitskoye,RU,52.9821,84.6757,12.65,95,85,4.23,overcast clouds,2022-02-06 03:44:19
448,Grindavik,IS,63.8424,-22.4338,31.95,80,75,19.57,broken clouds,2022-02-06 03:44:20
449,Puerto Palomas,MX,31.7667,-107.6167,34.93,30,0,2.89,clear sky,2022-02-06 03:44:20
450,Devils Lake,US,48.1128,-98.8651,8.58,78,100,11.5,mist,2022-02-06 03:44:21
451,Elizabeth City,US,36.2946,-76.2511,34.02,67,0,14.97,clear sky,2022-02-06 03:44:21
452,Mobaye,CF,4.319,21.1786,68.61,39,100,2.48,overcast clouds,2022-02-06 03:44:22
453,San Carlos De Bariloche,AR,-41.1456,-71.3082,55.24,62,0,4.61,clear sky,2022-02-06 03:44:22
454,Inuvik,CA,68.3499,-133.7218,-24.59,72,75,1.14,light snow,2022-02-06 03:44:22
455,Florianopolis,BR,-27.6146,-48.5012,74.7,87,40,1.14,scattered clouds,2022-02-06 03:42:25
456,Inirida,CO,3.8653,-67.9239,73.58,94,79,3.2,broken clouds,2022-02-06 03:44:23
457,Leningradskiy,RU,69.3833,178.4167,-22.14,97,15,3.18,few clouds,2022-02-06 03:45:24
458,Santarem,BR,-2.4431,-54.7083,75.33,100,40,4.61,scattered clouds,2022-02-06 03:45:24
459,Cap Malheureux,MU,-19.9842,57.6142,81.46,75,100,11.99,overcast clouds,2022-02-06 03:45:24
460,Palembang,ID,-2.9167,104.7458,82.49,74,40,12.66,light rain,2022-02-06 03:45:25
461,Arkhangelskoye,RU,55.8549,35.3287,16.72,96,100,5.26,light snow,2022-02-06 03:45:26
462,Cabedelo,BR,-6.9811,-34.8339,77.67,73,68,8.72,broken clouds,2022-02-06 03:40:43
463,Channarayapatna,IN,12.9044,76.3917,73.26,59,79,7.99,broken clouds,2022-02-06 03:45:26
464,Oltu,TR,40.5498,42.0013,7.74,83,99,4.74,overcast clouds,2022-02-06 03:45:27
465,Porto Belo,BR,-27.1578,-48.5531,77.25,90,100,3.67,overcast clouds,2022-02-06 03:45:27
466,Kralendijk,BQ,12.15,-68.2667,75.18,88,20,5.75,few clouds,2022-02-06 03:45:28
467,Bambous Virieux,MU,-20.3428,57.7575,81.21,83,75,12.66,broken clouds,2022-02-06 03:45:28
468,Batemans Bay,AU,-35.7167,150.1833,73.2,56,43,11.81,scattered clouds,2022-02-06 03:45:29
469,Kokopo,PG,-4.352,152.2633,87.1,59,100,13.42,overcast clouds,2022-02-06 03:45:29
470,Durham,US,36.0335,-78.8664,32.27,64,0,3.44,clear sky,2022-02-06 03:41:46
471,Balkanabat,TM,39.5108,54.3671,38.19,67,90,7.49,overcast clouds,2022-02-06 03:45:30
472,Grand Gaube,MU,-20.0064,57.6608,81.37,75,100,11.99,overcast clouds,2022-02-06 03:45:30
473,Murashi,RU,59.3999,48.9615,13.53,98,100,4.45,overcast clouds,2022-02-06 03:45:31
474,Assiniboia,CA,49.6334,-105.9845,17.42,86,84,20.71,broken clouds,2022-02-06 03:45:31
475,Stargard Szczecinski,PL,53.3367,15.0499,40.03,80,100,15.99,overcast clouds,2022-02-06 03:45:31
476,Wewak,PG,-3.5534,143.6268,86.27,69,100,15.88,overcast clouds,2022-02-06 03:45:32
477,General Pico,AR,-35.6566,-63.7568,56.59,48,2,8.75,clear sky,2022-02-06 03:41:17
478,Dumas,US,35.8656,-101.9732,36.82,69,0,9.22,clear sky,2022-02-06 03:45:32
479,Saltabarranca,MX,18.6,-95.5333,62.24,73,92,11.1,overcast clouds,2022-02-06 03:45:33
480,Victoria Point,AU,-27.5833,153.3,82.18,60,59,14.0,broken clouds,2022-02-06 03:45:34
481,Tangshan,CN,39.6333,118.1833,35.46,22,28,6.71,scattered clouds,2022-02-06 03:45:34
482,Morros,BR,-9.4467,-46.3003,74.34,79,46,2.13,scattered clouds,2022-02-06 03:45:34
483,Omboue,GA,-1.5746,9.2618,75.79,87,3,4.63,clear sky,2022-02-06 03:45:35
484,Payakumbuh,ID,-0.2202,100.6308,70.0,98,100,1.99,overcast clouds,2022-02-06 03:45:35
485,Bilgram,IN,27.1833,80.0333,56.97,69,0,3.96,clear sky,2022-02-06 03:45:36
486,San Jeronimo,PE,-11.9472,-75.2829,50.58,91,100,3.74,overcast clouds,2022-02-06 03:45:36
487,Bemidji,US,47.4736,-94.8803,12.9,89,100,0.0,overcast clouds,2022-02-06 03:45:37
488,Clyde River,CA,70.4692,-68.5914,-30.77,68,100,5.75,overcast clouds,2022-02-06 03:45:37
489,Gelnica,SK,48.8558,20.9371,33.39,90,100,2.48,overcast clouds,2022-02-06 03:45:38
490,Passagem Franca,BR,-6.1797,-43.7836,72.19,98,64,2.77,broken clouds,2022-02-06 03:45:38
491,Traiguen,CL,-38.25,-72.6833,52.95,74,5,2.59,clear sky,2022-02-06 03:45:39
492,Gorin,RU,51.1983,136.6669,10.17,79,100,5.46,overcast clouds,2022-02-06 03:45:39
493,Nicolas Bravo,MX,18.45,-88.9167,67.19,99,44,5.41,scattered clouds,2022-02-06 03:45:39
494,Verkhnyaya Inta,RU,65.9811,60.3094,-9.33,92,73,2.77,broken clouds,2022-02-06 03:45:40
495,Korla,CN,41.7597,86.1469,26.28,39,97,10.98,overcast clouds,2022-02-06 03:45:40
496,Mainburg,DE,48.65,11.7833,37.24,69,100,8.05,overcast clouds,2022-02-06 03:45:41
497,Saint-Denis,FR,48.9167,2.3333,47.17,80,0,5.99,clear sky,2022-02-06 03:45:41
498,Sitka,US,57.0531,-135.33,42.69,81,100,24.16,moderate rain,2022-02-06 03:45:42
499,Kangaatsiaq,GL,68.3065,-53.4641,-9.96,96,100,4.63,overcast clouds,2022-02-06 03:45:42
500,Conde,BR,-7.2597,-34.9075,76.46,83,20,4.61,few clouds,2022-02-06 03:42:52
501,Dukat,RU,62.55,155.55,-10.01,69,38,2.01,scattered clouds,2022-02-06 03:43:09
502,Sangre Grande,TT,10.5835,-61.1177,76.96,91,57,6.29,broken clouds,2022-02-06 03:45:43
503,Laguna,US,38.421,-121.4238,56.08,69,0,0.0,clear sky,2022-02-06 03:43:57
504,Chokwe,MZ,-24.5333,32.9833,70.72,93,3,7.9,clear sky,2022-02-06 03:45:44
505,Viseu,PT,40.661,-7.9097,44.87,73,0,7.87,clear sky,2022-02-06 03:46:44
506,Stokmarknes,NO,68.5646,14.9108,35.49,81,83,13.04,light rain,2022-02-06 03:46:44
507,Mugur-Aksy,RU,50.35,90.5,5.05,58,0,4.68,clear sky,2022-02-06 03:46:45
508,Batu Gajah,MY,4.4692,101.0411,84.29,70,20,3.44,light rain,2022-02-06 03:46:45
509,Teya,RU,60.3778,92.6267,10.09,94,99,2.8,overcast clouds,2022-02-06 03:46:46
510,Bella Union,UY,-30.2752,-57.6007,66.0,63,2,7.52,clear sky,2022-02-06 03:46:46
511,Itacarambi,BR,-15.1022,-44.0919,71.35,94,100,2.28,overcast clouds,2022-02-06 03:46:47
512,Marquette,US,46.5333,-87.6335,15.37,74,100,10.94,snow,2022-02-06 03:46:47
513,Merauke,ID,-8.4667,140.3333,86.43,66,100,10.36,overcast clouds,2022-02-06 03:46:48
514,Salinas,US,36.6777,-121.6555,56.35,54,0,5.75,clear sky,2022-02-06 03:46:48
515,Boundiali,CI,9.5217,-6.4869,67.53,19,7,2.19,clear sky,2022-02-06 03:46:49
516,Sarahan,IN,31.5167,77.8,41.02,54,94,6.17,overcast clouds,2022-02-06 03:46:49
517,Puerto Escondido,MX,15.85,-97.0667,75.11,71,3,5.03,clear sky,2022-02-06 03:46:50
518,Ust-Tsilma,RU,65.441,52.1498,-7.04,100,90,4.79,overcast clouds,2022-02-06 03:46:50
519,Kodinsk,RU,58.6881,99.1844,16.9,91,100,8.86,overcast clouds,2022-02-06 03:46:50
520,Manta,EC,-0.95,-80.7333,76.78,83,75,4.61,broken clouds,2022-02-06 03:46:51
521,Kloulklubed,PW,7.0419,134.2556,84.7,78,46,21.63,scattered clouds,2022-02-06 03:46:51
522,Calvinia,ZA,-31.4707,19.776,73.94,37,3,3.83,clear sky,2022-02-06 03:46:52
523,Aleksandro-Nevskiy,RU,53.4751,40.2095,3.27,76,99,8.03,overcast clouds,2022-02-06 03:46:52
524,Cayenne,GF,4.9333,-52.3333,80.1,85,75,5.99,broken clouds,2022-02-06 03:46:53
525,Toronto,CA,43.7001,-79.4163,18.79,55,0,1.01,clear sky,2022-02-06 03:46:14
526,Kirkenaer,NO,60.4564,12.0582,36.88,76,45,10.02,scattered clouds,2022-02-06 03:46:53
527,Havoysund,NO,70.9963,24.6622,31.08,72,44,29.93,scattered clouds,2022-02-06 03:46:39
528,Andapa,MG,-14.65,49.65,74.25,72,84,2.21,broken clouds,2022-02-06 03:46:54
529,Khani,GE,41.9563,42.9566,22.57,86,100,4.63,overcast clouds,2022-02-06 03:46:55
530,Oriximina,BR,-1.7656,-55.8661,73.81,94,99,2.15,overcast clouds,2022-02-06 03:46:55
531,Yeniseysk,RU,58.4497,92.1703,19.0,94,100,4.74,overcast clouds,2022-02-06 03:46:56
532,Ndele,CF,8.4109,20.6473,66.78,22,15,7.58,few clouds,2022-02-06 03:46:56
533,Coffeyville,US,37.0373,-95.6164,36.05,62,0,12.66,clear sky,2022-02-06 03:46:57
534,Wilmington,US,34.2257,-77.9447,38.86,55,0,8.05,clear sky,2022-02-06 03:45:14
535,Omsukchan,RU,62.5333,155.8,-10.23,75,30,3.44,scattered clouds,2022-02-06 03:46:57
536,Jega,NG,12.2175,4.3792,64.17,18,0,11.41,clear sky,2022-02-06 03:46:58
537,San Cristobal,VE,7.7669,-72.225,69.98,92,31,2.13,scattered clouds,2022-02-06 03:46:58
538,Mareeba,AU,-17.0,145.4333,83.66,73,36,5.26,light rain,2022-02-06 03:46:59
539,Tshikapa,CD,-6.4167,20.8,67.95,97,64,1.43,light rain,2022-02-06 03:46:59
540,Gusau,NG,12.1628,6.6614,61.93,24,0,13.73,clear sky,2022-02-06 03:47:00
541,Marsabit,KE,2.3284,37.9899,64.8,46,100,10.4,overcast clouds,2022-02-06 03:47:00
542,Palmerston,AU,-12.486,130.9833,77.94,93,75,1.14,moderate rain,2022-02-06 03:46:46
543,Phonhong,LA,18.5007,102.4166,71.42,52,83,0.69,broken clouds,2022-02-06 03:47:01
544,Abilene,US,32.4487,-99.7331,39.69,63,0,10.36,clear sky,2022-02-06 03:46:35
545,Adrar,MR,20.5022,-10.0711,61.84,8,0,8.72,clear sky,2022-02-06 03:47:02
546,Ambatondrazaka,MG,-17.8333,48.4167,69.48,89,100,9.62,overcast clouds,2022-02-06 03:47:03
547,Vorokhta,UA,48.2869,24.5719,19.47,97,87,6.08,overcast clouds,2022-02-06 03:47:03
548,Sao Borja,BR,-28.6606,-56.0044,71.94,55,53,11.86,broken clouds,2022-02-06 03:47:04
549,Maralal,KE,1.0968,36.698,59.56,63,100,2.64,overcast clouds,2022-02-06 03:47:04
550,Tainan,TW,22.9908,120.2133,71.38,63,40,10.36,scattered clouds,2022-02-06 03:43:04
551,Honningsvag,NO,70.9821,25.9704,31.75,71,68,34.72,broken clouds,2022-02-06 03:47:05
552,Fallon,US,39.4735,-118.7774,36.43,35,0,2.1,clear sky,2022-02-06 03:48:05
553,Maroantsetra,MG,-15.4333,49.7333,78.01,71,100,5.14,overcast clouds,2022-02-06 03:48:06
554,Lima,PE,-12.0432,-77.0282,67.39,39,0,6.91,clear sky,2022-02-06 03:44:56
555,Pacific Grove,US,36.6177,-121.9166,56.88,68,0,1.01,clear sky,2022-02-06 03:48:07
556,Lasa,IT,46.6166,10.7002,35.06,40,6,3.29,clear sky,2022-02-06 03:46:52
557,Luanda,AO,-8.8368,13.2343,75.2,83,75,5.75,broken clouds,2022-02-06 03:46:46
558,Goderich,CA,43.7501,-81.7165,16.92,73,95,10.36,overcast clouds,2022-02-06 03:48:08
559,Bozoum,CF,6.3193,16.3799,63.1,25,94,3.36,overcast clouds,2022-02-06 03:48:08
560,Gulfport,US,30.3674,-89.0928,38.98,82,0,0.0,clear sky,2022-02-06 03:43:48
561,Anadyr,RU,64.75,177.4833,-5.3,71,0,2.24,clear sky,2022-02-06 03:48:09
562,Berbera,SO,10.4396,45.0143,77.4,54,81,9.31,broken clouds,2022-02-06 03:47:54
563,Nago,JP,26.5881,127.9761,63.45,62,92,12.37,overcast clouds,2022-02-06 03:48:09
564,Tawang,IN,27.5833,91.8667,37.26,57,0,2.51,clear sky,2022-02-06 03:48:10
565,Ekibastuz,KZ,51.6667,75.3667,12.27,70,0,15.46,clear sky,2022-02-06 03:48:10
566,College,US,64.8569,-147.8028,9.81,82,100,4.61,light snow,2022-02-06 03:44:15
567,Conchal,BR,-22.3303,-47.1725,71.74,98,100,2.51,overcast clouds,2022-02-06 03:45:04
568,Krasnokamensk,RU,50.0979,118.0369,7.32,75,100,4.21,overcast clouds,2022-02-06 03:48:11
569,Sorong,ID,-0.8833,131.25,84.61,69,100,11.92,overcast clouds,2022-02-06 03:48:11
570,Lamu,KE,-2.2717,40.902,79.02,87,100,7.02,overcast clouds,2022-02-06 03:48:12
571,Flin Flon,CA,54.7682,-101.865,-3.28,98,100,4.09,overcast clouds,2022-02-06 03:46:41
572,Atasu,KZ,48.6814,71.6433,15.64,68,3,19.42,clear sky,2022-02-06 03:48:12
573,Hof,DE,50.3167,11.9167,38.44,82,100,17.27,overcast clouds,2022-02-06 03:48:13
574,Bokovskaya,RU,49.229,41.8306,11.41,99,82,3.69,broken clouds,2022-02-06 03:48:13
575,Saint-Paul,RE,-21.0096,55.2707,80.71,74,100,10.29,light rain,2022-02-06 03:48:14
576,Moussoro,TD,13.6408,16.4901,58.42,21,0,15.08,clear sky,2022-02-06 03:48:14
577,Nieuw Nickerie,SR,5.95,-56.9833,77.05,87,100,10.76,overcast clouds,2022-02-06 03:48:14
578,Lubao,PH,14.9167,120.55,86.14,57,97,21.45,overcast clouds,2022-02-06 03:48:15
579,Kozhevnikovo,RU,56.2589,83.9714,13.24,88,100,5.61,overcast clouds,2022-02-06 03:48:15
580,Akhtanizovskaya,RU,45.32,37.1,43.27,89,100,18.48,overcast clouds,2022-02-06 03:48:16
581,Ust-Maya,RU,60.4167,134.5333,-16.26,91,100,1.83,overcast clouds,2022-02-06 03:48:16
582,Kiunga,PG,-6.1219,141.2906,93.52,45,92,3.94,overcast clouds,2022-02-06 03:48:17
583,Ilulissat,GL,69.2167,-51.1,3.22,51,100,13.8,overcast clouds,2022-02-06 03:45:31
584,Dejen,ET,10.1667,38.1333,52.93,48,55,1.3,broken clouds,2022-02-06 03:48:17
585,Oga,IT,46.4631,10.347,27.68,36,13,2.75,few clouds,2022-02-06 03:48:18
586,Ambilobe,MG,-13.2,49.05,74.34,91,99,2.98,overcast clouds,2022-02-06 03:48:18
587,Mahanoro,MG,-19.9,48.8,79.2,75,100,14.99,overcast clouds,2022-02-06 03:48:19
588,Trebisov,SK,48.6286,21.7195,31.33,97,99,7.0,overcast clouds,2022-02-06 03:48:19
589,Harwich,GB,51.9419,1.2844,50.36,78,100,15.99,overcast clouds,2022-02-06 03:48:20
590,Maragogi,BR,-9.0122,-35.2225,77.13,77,81,6.2,broken clouds,2022-02-06 03:45:02
591,Miracema Do Tocantins,BR,-9.5618,-48.3967,75.06,87,71,0.96,moderate rain,2022-02-06 03:48:20
592,Beyneu,KZ,45.3167,55.2,28.9,82,100,19.95,overcast clouds,2022-02-06 03:48:21
593,Kailua,US,21.4022,-157.7394,80.58,78,20,8.05,few clouds,2022-02-06 03:44:55
594,Comonfort,MX,20.7167,-100.7667,57.29,40,9,6.02,clear sky,2022-02-06 03:48:21
595,San Patricio,US,28.017,-97.5169,44.83,64,0,5.84,clear sky,2022-02-06 03:46:35
596,Ahuimanu,US,21.4447,-157.8378,80.31,73,20,3.0,few clouds,2022-02-06 03:48:22
597,Luwuk,ID,-0.9516,122.7875,85.53,74,72,2.08,broken clouds,2022-02-06 03:48:22
598,Synya,RU,65.3718,58.0387,-12.78,98,64,2.71,broken clouds,2022-02-06 03:48:23
599,Okhotsk,RU,59.3833,143.3,3.56,68,37,13.71,scattered clouds,2022-02-06 03:48:49
600,Kroya,ID,-7.6331,109.2461,86.0,68,75,4.12,broken clouds,2022-02-06 03:49:23
601,Sarankhola,BD,22.3082,89.7897,70.52,36,1,3.74,clear sky,2022-02-06 03:49:24
602,Ordynskoye,RU,54.3656,81.8994,10.24,88,100,3.87,overcast clouds,2022-02-06 03:49:24
603,Awjilah,LY,29.1081,21.2869,52.9,53,0,8.01,clear sky,2022-02-06 03:49:25
604,Farkhor,TJ,37.4922,69.4036,50.05,55,100,10.29,overcast clouds,2022-02-06 03:49:19
605,Aksu,CN,41.1231,80.2644,24.96,71,94,6.93,overcast clouds,2022-02-06 03:46:26
606,Torgau,DE,51.5667,13.0,44.15,82,100,23.55,light rain,2022-02-06 03:49:26
607,Tondi,IN,9.7333,79.0167,82.24,62,86,10.74,overcast clouds,2022-02-06 03:49:26
608,Kisesa,TZ,-3.0833,34.15,61.81,85,97,5.46,overcast clouds,2022-02-06 03:49:27
609,Raga,SS,8.4596,25.678,64.35,19,100,7.14,overcast clouds,2022-02-06 03:49:27
610,Marrakesh,MA,31.6315,-8.0083,59.07,63,75,1.14,broken clouds,2022-02-06 03:49:28
611,Reconquista,AR,-29.15,-59.65,69.48,54,9,10.36,clear sky,2022-02-06 03:49:28
612,Atar,MR,20.5169,-13.0499,67.71,11,0,5.03,clear sky,2022-02-06 03:49:29
613,Kimry,RU,56.8667,37.35,7.9,95,97,7.2,light snow,2022-02-06 03:49:29
614,Denpasar,ID,-8.65,115.2167,85.71,74,20,8.05,few clouds,2022-02-06 03:48:28
615,Calama,CL,-22.4667,-68.9333,50.49,25,0,4.61,clear sky,2022-02-06 03:49:30
616,Enugu,NG,6.4402,7.4943,68.61,25,11,1.41,few clouds,2022-02-06 03:45:00
617,Avera,US,33.194,-82.5271,40.71,44,0,11.9,clear sky,2022-02-06 03:49:30
618,Suining,CN,30.508,105.5733,43.74,91,100,5.01,overcast clouds,2022-02-06 03:49:31
619,Samarai,PG,-10.6167,150.6667,84.79,72,100,10.83,overcast clouds,2022-02-06 03:49:31
620,Kaeo,NZ,-35.1,173.7833,75.33,94,100,3.29,light rain,2022-02-06 03:49:32
621,Aljezur,PT,37.3191,-8.8033,48.33,81,1,8.5,clear sky,2022-02-06 03:49:32
622,El Dorado,US,38.7666,-120.5177,49.06,56,0,10.69,clear sky,2022-02-06 03:47:03
623,Black Forest,US,39.0131,-104.7008,30.09,55,0,3.0,clear sky,2022-02-06 03:49:33
624,South Holland,NL,52.0,4.6667,49.08,84,100,7.0,light intensity drizzle,2022-02-06 03:49:33
625,Tabou,CI,4.423,-7.3528,77.56,87,36,5.08,moderate rain,2022-02-06 03:49:34
626,Susa,TN,35.8254,10.637,52.32,81,0,4.61,clear sky,2022-02-06 03:49:34
627,Lieksa,FI,63.3167,30.0167,21.15,93,100,9.84,overcast clouds,2022-02-06 03:49:35
628,Xining,CN,36.6167,101.7667,15.55,68,100,3.91,overcast clouds,2022-02-06 03:49:35
629,Vila Velha,BR,-20.3297,-40.2925,76.95,85,0,8.05,clear sky,2022-02-06 03:49:35
630,Lahat,ID,-3.8,103.5333,77.16,89,100,3.31,overcast clouds,2022-02-06 03:49:36
631,Dakar,SN,14.6937,-17.4441,69.93,94,0,9.22,clear sky,2022-02-06 03:46:12
632,Lodingen,NO,68.414,15.9951,35.74,89,99,10.45,light rain,2022-02-06 03:49:36
633,Loandjili,CG,-4.7561,11.8578,75.31,94,20,2.3,few clouds,2022-02-06 03:49:37
634,Belyy Yar,RU,53.6039,91.3903,-7.71,77,69,0.0,mist,2022-02-06 03:49:37
635,Larsnes,NO,62.2028,5.5773,36.68,77,100,26.4,overcast clouds,2022-02-06 03:49:38
636,La Orilla,MX,17.9833,-102.2333,71.89,78,0,4.18,clear sky,2022-02-06 03:49:38
637,Bilibino,RU,68.0546,166.4372,-14.1,83,23,4.5,few clouds,2022-02-06 03:49:39
638,Sosnovo-Ozerskoye,RU,52.5249,111.5418,6.93,89,98,10.65,overcast clouds,2022-02-06 03:49:39
639,Los Chiles,CR,11.0333,-84.7167,70.47,90,7,3.91,clear sky,2022-02-06 03:49:40
640,Birnin Kebbi,NG,12.4539,4.1975,63.5,17,0,10.67,clear sky,2022-02-06 03:47:26
641,Fairbanks,US,64.8378,-147.7164,9.61,82,100,4.61,mist,2022-02-06 03:49:40
642,Khachrod,IN,23.4167,75.2833,65.21,27,3,6.11,clear sky,2022-02-06 03:49:41
643,Arman,RU,59.7,150.1667,14.02,74,25,9.53,scattered clouds,2022-02-06 03:49:41
644,Beaumont,US,30.0861,-94.1019,37.44,81,0,0.0,clear sky,2022-02-06 03:45:21
645,Zambezi,ZM,-13.5432,23.1047,63.75,96,100,3.09,light rain,2022-02-06 03:49:42
646,Talaya,RU,61.3833,152.75,-17.79,82,22,0.22,few clouds,2022-02-06 03:50:42
647,Alma,CA,48.5501,-71.6491,-2.07,64,30,8.05,scattered clouds,2022-02-06 03:50:43
648,Bar Harbor,US,44.3876,-68.2039,10.02,68,0,4.0,clear sky,2022-02-06 03:50:28
649,Arys,KZ,42.4252,68.795,50.22,67,100,19.95,light rain,2022-02-06 03:50:43
650,Port-Gentil,GA,-0.7193,8.7815,78.73,82,16,9.64,few clouds,2022-02-06 03:50:44
651,Okha,RU,53.5739,142.9478,3.85,87,100,20.07,overcast clouds,2022-02-06 03:50:44
652,Saint-Pierre,RE,-21.3393,55.4781,82.08,65,0,8.05,clear sky,2022-02-06 03:50:45
653,Elk Grove,US,38.4088,-121.3716,55.24,71,0,0.0,clear sky,2022-02-06 03:49:00
654,Partenit,UA,44.578,34.3446,40.21,83,89,8.32,overcast clouds,2022-02-06 03:50:45
655,Porbandar,IN,21.6422,69.6093,60.78,77,0,0.0,clear sky,2022-02-06 03:50:46
656,Ngunguru,NZ,-35.6167,174.5,75.16,84,100,9.37,light rain,2022-02-06 03:50:46
657,Dimitrovgrad,RU,54.2139,49.6184,26.65,98,99,2.42,overcast clouds,2022-02-06 03:50:46
658,Iasi,RO,47.1667,27.6,34.14,86,0,4.61,clear sky,2022-02-06 03:50:47
659,El Alto,PE,-4.2714,-81.2147,69.73,80,19,13.06,few clouds,2022-02-06 03:50:47
660,Wheeling,US,42.1392,-87.929,17.85,61,0,14.97,clear sky,2022-02-06 03:50:48
661,Patos,BR,-7.0244,-37.28,77.45,67,100,6.62,overcast clouds,2022-02-06 03:50:48
662,Eyl,SO,7.9803,49.8164,71.74,76,54,5.91,broken clouds,2022-02-06 03:50:49
663,Umm Kaddadah,SD,13.6017,26.6876,52.05,30,76,17.02,broken clouds,2022-02-06 03:50:49
664,Aklavik,CA,68.2191,-135.0107,-30.17,85,80,3.38,broken clouds,2022-02-06 03:48:47
665,Dudinka,RU,69.4058,86.1778,-19.37,100,94,2.39,overcast clouds,2022-02-06 03:50:50
666,Mason City,US,43.1536,-93.201,26.69,87,0,4.61,clear sky,2022-02-06 03:50:50
667,Tiznit,MA,29.5833,-9.5,59.52,24,56,5.26,broken clouds,2022-02-06 03:50:51
668,Sept-Iles,CA,50.2001,-66.3821,-1.68,46,0,10.36,clear sky,2022-02-06 03:48:02
669,Manzil Salim,TN,35.8567,8.4765,41.0,79,100,1.81,overcast clouds,2022-02-06 03:50:51
670,Lashio,MM,22.9333,97.75,66.69,56,7,6.13,clear sky,2022-02-06 03:50:52
671,Nan,TH,18.8333,100.6667,68.02,78,75,1.14,broken clouds,2022-02-06 03:50:52
672,Tessalit,ML,20.1986,1.0114,57.81,18,30,9.78,scattered clouds,2022-02-06 03:49:28
673,Chilca,PE,-12.5211,-76.7372,69.08,87,11,5.14,few clouds,2022-02-06 03:50:53
674,Palauig,PH,15.435,119.9045,84.49,56,20,3.74,few clouds,2022-02-06 03:50:53
675,Bridlington,GB,54.0831,-0.1919,45.14,85,91,19.93,overcast clouds,2022-02-06 03:50:54
676,Breves,BR,-1.6822,-50.4803,73.45,98,100,2.86,overcast clouds,2022-02-06 03:50:54
677,Hirado,JP,33.3597,129.5531,42.15,52,58,14.79,broken clouds,2022-02-06 03:50:55
678,Zirovnice,CZ,49.2532,15.1882,36.82,84,84,7.0,broken clouds,2022-02-06 03:50:55
679,Sao Joao Da Barra,BR,-21.6403,-41.0511,76.24,86,1,20.0,clear sky,2022-02-06 03:48:42
680,Posse,BR,-14.0931,-46.3694,68.58,92,100,1.92,overcast clouds,2022-02-06 03:50:56
681,Hervey Bay,AU,-25.2986,152.8535,82.04,56,41,25.17,scattered clouds,2022-02-06 03:50:56
682,Cidreira,BR,-30.1811,-50.2056,72.93,90,89,6.02,overcast clouds,2022-02-06 03:46:22
683,Petropavlovsk-Kamchatskiy,RU,53.0452,158.6483,27.19,80,100,22.37,light shower snow,2022-02-06 03:50:57
684,Peci,BA,44.6272,16.7861,31.21,93,26,4.16,scattered clouds,2022-02-06 03:50:57
685,Naranjal,EC,-2.6667,-79.6167,76.8,93,56,2.71,light rain,2022-02-06 03:46:43
686,Macia,MZ,-25.0269,33.0989,71.92,87,17,6.38,light rain,2022-02-06 03:50:58
687,Antofagasta,CL,-23.65,-70.4,63.68,76,25,3.24,scattered clouds,2022-02-06 03:50:58
688,Kletnya,RU,53.3897,33.2171,30.36,92,99,11.12,light snow,2022-02-06 03:50:59
689,Ivdel,RU,60.6911,60.4206,7.5,96,100,6.38,overcast clouds,2022-02-06 03:50:59
690,Alta Floresta,BR,-9.8756,-56.0861,71.65,95,84,1.28,broken clouds,2022-02-06 03:48:44
691,Parangan,PH,5.0839,119.9383,83.17,72,100,8.95,overcast clouds,2022-02-06 03:51:00
692,Point Pedro,LK,9.8167,80.2333,80.6,67,80,11.43,broken clouds,2022-02-06 03:49:51
693,Otavi,NA,-19.65,17.3333,63.54,94,100,3.06,moderate rain,2022-02-06 03:51:00
694,Muana,BR,-1.5283,-49.2167,74.86,96,100,3.27,light rain,2022-02-06 03:51:01
695,Coxcatlan,MX,18.2667,-97.15,50.2,88,18,3.09,few clouds,2022-02-06 03:52:01
696,Celestun,MX,20.8667,-90.4,71.73,77,81,16.2,broken clouds,2022-02-06 03:51:21
697,Spornoye,RU,50.8448,37.2913,26.62,96,100,9.71,overcast clouds,2022-02-06 03:52:02
698,Coihaique,CL,-45.5752,-72.0662,55.35,76,0,3.44,clear sky,2022-02-06 03:52:02
